variable,enrichment_index,p,p.signif,Order,enrichment,sig_Order
Pantoea,1.993965994,1.02E-38,****,Enterobacteriales,INDICA,Enterobacteriales
Pseudomonas,-18.94959884,3.65E-28,****,Pseudomonadales,JAPONICA,Pseudomonadales
Pandoraea,2.14871333,2.02E-26,****,Burkholderiales,INDICA,Burkholderiales
Azospirillum,0.779776411,9.89E-16,****,Rhodospirillales,INDICA,Rhodospirillales
Stenotrophomonas,0.999187516,1.53E-15,****,Xanthomonadales,INDICA,Xanthomonadales
Achromobacter,0.238404476,4.54E-13,****,Burkholderiales,INDICA,Burkholderiales
Prevotella_9,0.720283715,9.87E-13,****,Bacteroidales,INDICA,Bacteroidales
Citrobacter,6.262232589,2.90E-12,****,Enterobacteriales,INDICA,Enterobacteriales
Mobilitalea,0.276471106,1.46E-11,****,Clostridiales,INDICA,Clostridiales
Lactobacillus,0.695667586,6.17E-11,****,Lactobacillales,INDICA,Lactobacillales
Prevotella_1,0.553186087,9.47E-11,****,Bacteroidales,INDICA,Bacteroidales
Acinetobacter,-1.170976111,2.32E-10,****,Pseudomonadales,JAPONICA,Pseudomonadales
Novosphingobium,0.43846033,1.26E-09,****,Sphingomonadales,INDICA,Sphingomonadales
Acidovorax,0.340311187,9.43E-09,****,Burkholderiales,INDICA,Burkholderiales
Pseudoxanthomonas,0.311259594,2.58E-08,****,Xanthomonadales,INDICA,Xanthomonadales
Ruminiclostridium_1,0.154622492,7.87E-08,****,Clostridiales,INDICA,Clostridiales
Rikenellaceae_RC9_gut_group,-0.228722954,0.000000133,****,Bacteroidales,JAPONICA,Bacteroidales
Pelomonas,0.587831397,0.00000031,****,Burkholderiales,INDICA,Burkholderiales
Odoribacter,-0.172088229,0.000000654,****,Bacteroidales,JAPONICA,Bacteroidales
[Eubacterium]_coprostanoligenes_group,0.186509558,0.00000145,****,Clostridiales,INDICA,Clostridiales
Delftia,0.086525211,0.00000262,****,Burkholderiales,INDICA,Burkholderiales
Ralstonia,0.043496353,0.00000268,****,Burkholderiales,INDICA,Burkholderiales
Lachnospiraceae_NK4A136_group,-0.855793257,0.0000133,****,Clostridiales,JAPONICA,Clostridiales
Herbaspirillum,0.108100556,0.0000151,****,Burkholderiales,INDICA,Burkholderiales
Enterobacter,0.824830826,0.000028,****,Enterobacteriales,INDICA,Enterobacteriales
Rikenella,-0.042612931,0.000033,****,Bacteroidales,JAPONICA,Bacteroidales
Shinella,0.049645029,0.0000392,****,Rhizobiales,INDICA,Rhizobiales
Subdoligranulum,0.056541601,0.0000423,****,Clostridiales,INDICA,Clostridiales
Comamonas,0.072452152,0.0000549,****,Burkholderiales,INDICA,Burkholderiales
Lutispora,0.090095052,0.000074,****,Clostridiales,INDICA,Clostridiales
Altererythrobacter,0.091327212,0.000113,***,Sphingomonadales,INDICA,Sphingomonadales
Alloprevotella,0.184232282,0.000124,***,Bacteroidales,INDICA,Bacteroidales
Butyricimonas,-0.030200037,0.000176,***,Bacteroidales,JAPONICA,Bacteroidales
Castellaniella,0.082135893,0.000205,***,Burkholderiales,INDICA,Burkholderiales
Faecalibacterium,0.197617573,0.000215,***,Clostridiales,INDICA,Clostridiales
Devosia,0.054831767,0.000349,***,Rhizobiales,INDICA,Rhizobiales
Prevotellaceae_NK3B31_group,0.111867795,0.000434,***,Bacteroidales,INDICA,Bacteroidales
Ochrobactrum,0.033586004,0.000528,***,Rhizobiales,INDICA,Rhizobiales
Sphingomonas,0.142539573,0.000615,***,Sphingomonadales,INDICA,Sphingomonadales
Xanthomonas,0.070788098,0.000929,***,Xanthomonadales,INDICA,Xanthomonadales
Variovorax,0.025710263,0.00095,***,Burkholderiales,INDICA,Burkholderiales
Thalassospira,-0.032575331,0.000951,***,Rhodospirillales,JAPONICA,Rhodospirillales
Sphingobium,0.05450703,0.00114,**,Sphingomonadales,INDICA,Sphingomonadales
Rhodanobacter,0.091177581,0.00121,**,Xanthomonadales,INDICA,Xanthomonadales
Cellulosilyticum,-0.000145803,0.00124,**,Clostridiales,JAPONICA,Clostridiales
Eubacterium,-6.82E-05,0.00132,**,Clostridiales,JAPONICA,Clostridiales
Anaerotruncus,-0.064342552,0.0015,**,Clostridiales,JAPONICA,Clostridiales
Bauldia,0.015053251,0.0018,**,Rhizobiales,INDICA,Rhizobiales
Lachnoclostridium_5,0.044531451,0.00191,**,Clostridiales,INDICA,Clostridiales
Buchnera,-0.012463273,0.00201,**,Enterobacteriales,JAPONICA,Enterobacteriales
Ruminococcaceae_UCG-014,-0.114436952,0.00218,**,Clostridiales,JAPONICA,Clostridiales
Coprococcus_2,0.02351127,0.00223,**,Clostridiales,INDICA,Clostridiales
Yersinia,0.088721996,0.00283,**,Enterobacteriales,INDICA,Enterobacteriales
Raoultella,0.035220896,0.00326,**,Enterobacteriales,INDICA,Enterobacteriales
Prevotellaceae_UCG-003,-0.033895947,0.00334,**,Bacteroidales,JAPONICA,Bacteroidales
Prevotellaceae_UCG-001,0.080596407,0.00357,**,Bacteroidales,INDICA,Bacteroidales
Lachnoclostridium,-0.218355646,0.00387,**,Clostridiales,JAPONICA,Clostridiales
Phreatobacter,0.015570887,0.00402,**,Rhizobiales,INDICA,Rhizobiales
Bordetella,0.064420986,0.00412,**,Burkholderiales,INDICA,Burkholderiales
Massilia,0.042107657,0.00442,**,Burkholderiales,INDICA,Burkholderiales
Clostridium_sensu_stricto_1,0.057498066,0.00443,**,Clostridiales,INDICA,Clostridiales
Clostridium_sensu_stricto_10,0.019532493,0.00535,**,Clostridiales,INDICA,Clostridiales
Aureimonas,0.001784513,0.00901,**,Rhizobiales,INDICA,Rhizobiales
Steroidobacter,0.04212486,0.0115,*,Xanthomonadales,INDICA,Xanthomonadales
Fonticella,0.030999508,0.0116,*,Clostridiales,INDICA,Clostridiales
Fusicatenibacter,0.016128071,0.0125,*,Clostridiales,INDICA,Clostridiales
Prevotella_2,0.037046399,0.0133,*,Bacteroidales,INDICA,Bacteroidales
gamma_proteobacterium_OR-113,0.034896382,0.0138,*,Xanthomonadales,INDICA,Xanthomonadales
Aquamicrobium,0.041072237,0.0139,*,Rhizobiales,INDICA,Rhizobiales
Incertae_Sedis,0.046982541,0.0142,*,Clostridiales,INDICA,Clostridiales
Desulfitobacterium,0.025758743,0.0144,*,Clostridiales,INDICA,Clostridiales
Rhizobium,0.252854887,0.0153,*,Rhizobiales,INDICA,Rhizobiales
Anaerovorax,0.013797718,0.0168,*,Clostridiales,INDICA,Clostridiales
Sutterella,-0.009815043,0.0193,*,Burkholderiales,JAPONICA,Burkholderiales
Pragia,-0.007256387,0.0203,*,Enterobacteriales,JAPONICA,Enterobacteriales
[Eubacterium]_nodatum_group,-0.008705029,0.0205,*,Clostridiales,JAPONICA,Clostridiales
unidentified,-0.189775229,0.0212,*,Bacteroidales,JAPONICA,Bacteroidales
Craurococcus,0.001153419,0.0227,*,Rhodospirillales,INDICA,Rhodospirillales
Prevotella_7,0.048181344,0.023,*,Bacteroidales,INDICA,Bacteroidales
Anaerococcus,-0.000438512,0.0243,*,Clostridiales,JAPONICA,Clostridiales
Oxobacter,0.017149732,0.0247,*,Clostridiales,INDICA,Clostridiales
Mizugakiibacter,0.038881809,0.0267,*,Xanthomonadales,INDICA,Xanthomonadales
Thermomonas,0.00674866,0.0267,*,Xanthomonadales,INDICA,Xanthomonadales
Weissella,-0.016964587,0.0272,*,Lactobacillales,JAPONICA,Lactobacillales
Pusillimonas,0.010548304,0.0274,*,Burkholderiales,INDICA,Burkholderiales
Sedimentibacter,0.025122102,0.0282,*,Clostridiales,INDICA,Clostridiales
Lachnospiraceae_AC2044_group,-0.000729969,0.0284,*,Clostridiales,JAPONICA,Clostridiales
Methylocystis,0.014705431,0.029,*,Rhizobiales,INDICA,Rhizobiales
Lachnospiraceae_NC2004_group,-0.002899878,0.0324,*,Clostridiales,JAPONICA,Clostridiales
Rhizomicrobium,0.061274286,0.0346,*,Rhizobiales,INDICA,Rhizobiales
Pseudolabrys,0.013789367,0.0401,*,Rhizobiales,INDICA,Rhizobiales
Alicycliphilus,0.00031495,0.043,*,Burkholderiales,INDICA,Burkholderiales
Lachnospiraceae_NK4B4_group,-0.001770079,0.0447,*,Clostridiales,JAPONICA,Clostridiales
Sphingopyxis,0.028515347,0.0481,*,Sphingomonadales,INDICA,Sphingomonadales
Tepidimonas,0.007535504,0.0494,*,Burkholderiales,INDICA,Burkholderiales
Acetobacter,0.012232881,0.0495,*,Rhodospirillales,INDICA,Rhodospirillales
Ruminiclostridium_6,0.015824399,0.0499,*,Clostridiales,INDICA,Clostridiales
Parabacteroides,-0.063083584,0.0506,ns,Bacteroidales,NS,NS
[Eubacterium]_hallii_group,0.011073627,0.0544,ns,Clostridiales,NS,NS
Dorea,0.012706474,0.0586,ns,Clostridiales,NS,NS
Family_XIII_UCG-001,-0.001164339,0.0592,ns,Clostridiales,NS,NS
MWH-UniP1_aquatic_group,0.008486922,0.06,ns,Burkholderiales,NS,NS
Eisenbergiella,-0.001524908,0.0603,ns,Clostridiales,NS,NS
Lachnospiraceae_ND3007_group,0.009425024,0.0608,ns,Clostridiales,NS,NS
Pelagibius,0.00673674,0.0612,ns,Rhodospirillales,NS,NS
Klebsiella,0.022690963,0.0639,ns,Enterobacteriales,NS,NS
Bacteroides,-0.217841124,0.0781,ns,Bacteroidales,NS,NS
Aquimonas,0.011081566,0.0805,ns,Xanthomonadales,NS,NS
Alcaligenes,-0.007060279,0.0816,ns,Burkholderiales,NS,NS
Fusibacter,0.002126725,0.0826,ns,Clostridiales,NS,NS
Bartonella,0.000258854,0.0834,ns,Rhizobiales,NS,NS
Barnesiella,0.004751464,0.0843,ns,Bacteroidales,NS,NS
Blautia,0.066582208,0.0863,ns,Clostridiales,NS,NS
Ruminococcaceae_NK4A214_group,-0.015625647,0.0865,ns,Clostridiales,NS,NS
Ruminococcaceae_UCG-002,0.017454964,0.0871,ns,Clostridiales,NS,NS
Ruminococcaceae_UCG-013,0.010617848,0.0897,ns,Clostridiales,NS,NS
Pigmentiphaga,0.000277527,0.091,ns,Burkholderiales,NS,NS
Paucibacter,0.024520467,0.0915,ns,Burkholderiales,NS,NS
Pseudoxanthobacter,0.004269745,0.0926,ns,Rhizobiales,NS,NS
Burkholderia,0.030751499,0.0936,ns,Burkholderiales,NS,NS
Peptoclostridium,-0.009502307,0.0974,ns,Clostridiales,NS,NS
Porphyromonas,0.011953602,0.102,ns,Bacteroidales,NS,NS
Lachnospiraceae_FCS020_group,0.00439099,0.103,ns,Clostridiales,NS,NS
Pseudacidovorax,0.021731663,0.106,ns,Burkholderiales,NS,NS
Parasutterella,0.036226158,0.108,ns,Burkholderiales,NS,NS
Facklamia,-0.002423361,0.11,ns,Lactobacillales,NS,NS
Serratia,-0.038164219,0.114,ns,Enterobacteriales,NS,NS
Defluviitaleaceae_UCG-011,0.003051068,0.114,ns,Clostridiales,NS,NS
Prevotellaceae_YAB2003_group,-0.000326675,0.115,ns,Bacteroidales,NS,NS
Agaricicola,0.001414419,0.118,ns,Rhizobiales,NS,NS
Thalassobaculum,0.004516971,0.12,ns,Rhodospirillales,NS,NS
Clostridium_sensu_stricto_4,0.00502639,0.12,ns,Clostridiales,NS,NS
Alkanibacter,0.003907805,0.122,ns,Xanthomonadales,NS,NS
Mesorhizobium,0.010717422,0.123,ns,Rhizobiales,NS,NS
Phocaeicola,-0.00264923,0.125,ns,Bacteroidales,NS,NS
Clostridiales_bacterium_canine_oral_taxon_162,-4.12E-05,0.126,ns,Clostridiales,NS,NS
Pseudoramibacter,-0.000345178,0.128,ns,Clostridiales,NS,NS
Commensalibacter,-0.001750636,0.131,ns,Rhodospirillales,NS,NS
Plesiomonas,0.025116022,0.131,ns,Enterobacteriales,NS,NS
Hungatella,0.013776204,0.131,ns,Clostridiales,NS,NS
Nevskia,0.003418955,0.132,ns,Xanthomonadales,NS,NS
Variibacter,0.024519297,0.135,ns,Rhizobiales,NS,NS
Paludibacter,0.001790449,0.135,ns,Bacteroidales,NS,NS
Panacagrimonas,-0.000629858,0.137,ns,Xanthomonadales,NS,NS
Papillibacter,-0.002043649,0.142,ns,Clostridiales,NS,NS
Finegoldia,-0.001635023,0.148,ns,Clostridiales,NS,NS
Dyella,0.003500516,0.148,ns,Xanthomonadales,NS,NS
Perlucidibaca,0.00145353,0.153,ns,Pseudomonadales,NS,NS
Hydrogenophaga,0.006637709,0.156,ns,Burkholderiales,NS,NS
Candidatus_Blochmannia,-0.007083138,0.157,ns,Enterobacteriales,NS,NS
Filomicrobium,0.004067993,0.157,ns,Rhizobiales,NS,NS
Morganella,0.018264294,0.159,ns,Enterobacteriales,NS,NS
Oscillospira,-0.000178804,0.16,ns,Clostridiales,NS,NS
Piscinibacter,0.00341394,0.162,ns,Burkholderiales,NS,NS
Carnobacterium,0.053510159,0.164,ns,Lactobacillales,NS,NS
Ignatzschineria,0.003742862,0.168,ns,Xanthomonadales,NS,NS
Unassigned,-0.560909257,0.169,ns,Enterobacteriales,NS,NS
Robinsoniella,0.010809466,0.169,ns,Clostridiales,NS,NS
Martelella,0.002015247,0.17,ns,Rhizobiales,NS,NS
Curvibacter,0.002454654,0.173,ns,Burkholderiales,NS,NS
[Eubacterium]_brachy_group,0.008970377,0.173,ns,Clostridiales,NS,NS
Ruminiclostridium_9,0.038469825,0.173,ns,Clostridiales,NS,NS
Ruminococcaceae_UCG-003,0.017895072,0.175,ns,Clostridiales,NS,NS
Tistrella,0.00251225,0.177,ns,Rhodospirillales,NS,NS
Gallicola,-0.000719718,0.178,ns,Clostridiales,NS,NS
Ideonella,0.003488125,0.178,ns,Burkholderiales,NS,NS
Chlorochromatium,0.001719704,0.179,ns,Burkholderiales,NS,NS
Rhodoferax,0.003126789,0.182,ns,Burkholderiales,NS,NS
Tahibacter,0.002902568,0.183,ns,Xanthomonadales,NS,NS
Epulopiscium,-0.000956632,0.188,ns,Clostridiales,NS,NS
Sporobacter,0.002343981,0.188,ns,Clostridiales,NS,NS
Acidisoma,-0.000463154,0.19,ns,Rhodospirillales,NS,NS
Atopostipes,-0.001691272,0.196,ns,Lactobacillales,NS,NS
Ruminococcaceae_UCG-009,-0.00453234,0.201,ns,Clostridiales,NS,NS
Pediococcus,0.001712515,0.201,ns,Lactobacillales,NS,NS
Meganema,0.000375258,0.201,ns,Rhizobiales,NS,NS
Pelagibacterium,-0.005759741,0.206,ns,Rhizobiales,NS,NS
Sphaerotilus,0.002956593,0.207,ns,Burkholderiales,NS,NS
Microvirga,0.004249135,0.213,ns,Rhizobiales,NS,NS
Elstera,0.001577425,0.214,ns,Rhodospirillales,NS,NS
Tissierella,0.000114661,0.215,ns,Clostridiales,NS,NS
Acetatifactor,0.011665357,0.217,ns,Clostridiales,NS,NS
Rhodomicrobium,0.002587553,0.22,ns,Rhizobiales,NS,NS
Desulfurispora,-0.003310377,0.223,ns,Clostridiales,NS,NS
Clostridium_sensu_stricto_8,0.009020034,0.227,ns,Clostridiales,NS,NS
Derxia,0.000303613,0.232,ns,Burkholderiales,NS,NS
Zymomonas,-0.000165765,0.233,ns,Sphingomonadales,NS,NS
dgA-11_gut_group,-0.000333481,0.24,ns,Bacteroidales,NS,NS
Clostridium_sensu_stricto_3,0.003129205,0.241,ns,Clostridiales,NS,NS
Enterococcus,-0.022615899,0.243,ns,Lactobacillales,NS,NS
Roseomonas,0.013564413,0.247,ns,Rhodospirillales,NS,NS
Lachnospiraceae_UCG-001,0.016759572,0.254,ns,Clostridiales,NS,NS
Moraxella,0.009774025,0.26,ns,Pseudomonadales,NS,NS
Anaerofilum,0.003822947,0.261,ns,Clostridiales,NS,NS
Eoetvoesia,0.002542118,0.267,ns,Burkholderiales,NS,NS
Cupriavidus,0.002685793,0.269,ns,Burkholderiales,NS,NS
Oxalobacter,0.000632956,0.269,ns,Burkholderiales,NS,NS
Rhodoblastus,0.000471439,0.269,ns,Rhizobiales,NS,NS
Sarcina,0.001408204,0.27,ns,Clostridiales,NS,NS
Ruminococcaceae_UCG-010,0.008882677,0.272,ns,Clostridiales,NS,NS
Johnsonella,-0.001044208,0.273,ns,Clostridiales,NS,NS
Flavonifractor,0.004766827,0.277,ns,Clostridiales,NS,NS
Desulfosporosinus,0.008065336,0.277,ns,Clostridiales,NS,NS
Intestinibacter,0.022549823,0.278,ns,Clostridiales,NS,NS
Symbiobacterium,0.004219342,0.278,ns,Clostridiales,NS,NS
Granulicatella,0.004866889,0.278,ns,Lactobacillales,NS,NS
Intestinimonas,-0.006333255,0.281,ns,Clostridiales,NS,NS
Azohydromonas,0.002286658,0.281,ns,Burkholderiales,NS,NS
Pelotomaculum,0.004760763,0.281,ns,Clostridiales,NS,NS
probable_genus_10,-0.000390393,0.282,ns,Clostridiales,NS,NS
Abiotrophia,-0.002053659,0.282,ns,Lactobacillales,NS,NS
Lachnospiraceae_UCG-010,-0.000176812,0.285,ns,Clostridiales,NS,NS
Peptococcus,0.001190377,0.291,ns,Clostridiales,NS,NS
Ancalomicrobium,8.84E-05,0.292,ns,Rhizobiales,NS,NS
[Eubacterium]_oxidoreducens_group,0.012874756,0.293,ns,Clostridiales,NS,NS
Starkeya,0.000200311,0.296,ns,Rhizobiales,NS,NS
Luteimonas,0.001235264,0.296,ns,Xanthomonadales,NS,NS
Family_XIII_AD3011_group,-0.004077535,0.297,ns,Clostridiales,NS,NS
Inquilinus,0.000944456,0.297,ns,Rhodospirillales,NS,NS
Rahnella,0.000708719,0.298,ns,Enterobacteriales,NS,NS
Roseateles,0.001489272,0.298,ns,Burkholderiales,NS,NS
Caminicella,0.010043577,0.299,ns,Clostridiales,NS,NS
Vagococcus,0.002094062,0.299,ns,Lactobacillales,NS,NS
Magnetospirillum,0.002001663,0.306,ns,Rhodospirillales,NS,NS
Acidaminobacter,-8.77E-05,0.307,ns,Clostridiales,NS,NS
Fontimonas,-0.000437345,0.308,ns,Xanthomonadales,NS,NS
Stomatobaculum,-0.000485419,0.308,ns,Clostridiales,NS,NS
Acidiphilium,0.000132632,0.308,ns,Rhodospirillales,NS,NS
Maritalea,-0.000255848,0.31,ns,Rhizobiales,NS,NS
Ruminococcaceae_UCG-005,-0.009242314,0.31,ns,Clostridiales,NS,NS
Butyrivibrio,-0.006292256,0.31,ns,Clostridiales,NS,NS
Kerstersia,0.000548595,0.313,ns,Burkholderiales,NS,NS
Desemzia,0.000417321,0.313,ns,Lactobacillales,NS,NS
Magnetospira,0.002869997,0.314,ns,Rhodospirillales,NS,NS
Paenalcaligenes,0.000905367,0.315,ns,Burkholderiales,NS,NS
Methylibium,0.001207018,0.315,ns,Burkholderiales,NS,NS
Brachymonas,-0.00043465,0.316,ns,Burkholderiales,NS,NS
Lachnoclostridium_10,-0.001930896,0.318,ns,Clostridiales,NS,NS
Candidatus_Alysiosphaera,-0.000259435,0.318,ns,Rhodospirillales,NS,NS
Pelospora,0.000509234,0.318,ns,Clostridiales,NS,NS
Inhella,-0.000603747,0.32,ns,Burkholderiales,NS,NS
Butyrivibrio_2,0.000433972,0.32,ns,Clostridiales,NS,NS
Labrys,0.002371526,0.321,ns,Rhizobiales,NS,NS
Insolitispirillum,-0.000213398,0.323,ns,Rhodospirillales,NS,NS
Ferrovibrio,0.004332574,0.323,ns,Rhodospirillales,NS,NS
Candidimonas,-0.000431903,0.324,ns,Burkholderiales,NS,NS
Hyphomicrobium,-0.006977181,0.324,ns,Rhizobiales,NS,NS
Sphingorhabdus,0.000840503,0.325,ns,Sphingomonadales,NS,NS
Undibacterium,0.000210671,0.326,ns,Burkholderiales,NS,NS
Asaia,0.001331618,0.328,ns,Rhodospirillales,NS,NS
Zavarzinia,0.000486184,0.329,ns,Rhodospirillales,NS,NS
Novispirillum,-0.001376478,0.335,ns,Rhodospirillales,NS,NS
Blastochloris,-0.000157847,0.337,ns,Rhizobiales,NS,NS
Eremococcus,4.45E-05,0.338,ns,Lactobacillales,NS,NS
Marvinbryantia,-0.006883204,0.34,ns,Clostridiales,NS,NS
Komagataeibacter,0.000321562,0.34,ns,Rhodospirillales,NS,NS
Pleomorphomonas,-0.000349022,0.345,ns,Rhizobiales,NS,NS
Tyzzerella,-0.008624906,0.347,ns,Clostridiales,NS,NS
Candidatus_Soleaferrea,-0.001954673,0.347,ns,Clostridiales,NS,NS
Alistipes,-0.030544645,0.348,ns,Bacteroidales,NS,NS
Pseudobutyrivibrio,0.003396368,0.349,ns,Clostridiales,NS,NS
Roseburia,-0.035514117,0.352,ns,Clostridiales,NS,NS
Ruminococcaceae_UCG-004,0.001819307,0.354,ns,Clostridiales,NS,NS
Methylobacterium,0.005649316,0.365,ns,Rhizobiales,NS,NS
Moryella,0.000624419,0.367,ns,Clostridiales,NS,NS
Clostridium_sensu_stricto_13,-0.001522374,0.37,ns,Clostridiales,NS,NS
Ruminococcus_2,0.008836988,0.372,ns,Clostridiales,NS,NS
Lachnospiraceae_NK3A20_group,0.000103593,0.378,ns,Clostridiales,NS,NS
Ruminiclostridium,-0.005566692,0.379,ns,Clostridiales,NS,NS
Lachnoanaerobaculum,-0.001098922,0.384,ns,Clostridiales,NS,NS
Acetitomaculum,0.001992263,0.387,ns,Clostridiales,NS,NS
Sandaracinobacter,0.000569044,0.391,ns,Sphingomonadales,NS,NS
Luteibacter,0.000311911,0.394,ns,Xanthomonadales,NS,NS
Tyzzerella_3,-0.001051414,0.403,ns,Clostridiales,NS,NS
Prevotella,0.005973394,0.403,ns,Bacteroidales,NS,NS
Lachnospiraceae_UCG-008,-0.00414594,0.408,ns,Clostridiales,NS,NS
Ruminococcus_1,0.010404016,0.41,ns,Clostridiales,NS,NS
Acidocella,0.000387216,0.418,ns,Rhodospirillales,NS,NS
hoa5-07d05_gut_group,6.51E-05,0.418,ns,Bacteroidales,NS,NS
Ezakiella,-0.001150568,0.419,ns,Clostridiales,NS,NS
Sandarakinorhabdus,-0.001178547,0.424,ns,Sphingomonadales,NS,NS
Schlegelella,-0.000108776,0.43,ns,Burkholderiales,NS,NS
Filifactor,-0.001849512,0.435,ns,Clostridiales,NS,NS
Streptococcus,-0.02627989,0.444,ns,Lactobacillales,NS,NS
[Ruminococcus]_gauvreauii_group,0.001116083,0.447,ns,Clostridiales,NS,NS
Lautropia,-0.00261014,0.448,ns,Burkholderiales,NS,NS
Christensenellaceae_R-7_group,0.015002376,0.451,ns,Clostridiales,NS,NS
Kaistia,0.007603311,0.452,ns,Rhizobiales,NS,NS
Caldicoprobacter,0.000814208,0.457,ns,Clostridiales,NS,NS
Hydrogenoanaerobacterium,0.003640119,0.458,ns,Clostridiales,NS,NS
Telmatospirillum,-0.000891724,0.468,ns,Rhodospirillales,NS,NS
Defluviicoccus,0.009096441,0.468,ns,Rhodospirillales,NS,NS
Paucimonas,-0.00294641,0.475,ns,Burkholderiales,NS,NS
Lactococcus,0.001762034,0.479,ns,Lactobacillales,NS,NS
Candidatus_Arthromitus,0.002894767,0.502,ns,Clostridiales,NS,NS
Polynucleobacter,0.007062522,0.512,ns,Burkholderiales,NS,NS
Tepidicella,-0.002948997,0.514,ns,Burkholderiales,NS,NS
Trichococcus,-8.93E-05,0.517,ns,Lactobacillales,NS,NS
Hydrocarboniphaga,0.000220935,0.526,ns,Xanthomonadales,NS,NS
Escherichia-Shigella,0.024416271,0.532,ns,Enterobacteriales,NS,NS
Mangroviflexus,-0.000300479,0.533,ns,Bacteroidales,NS,NS
Pedomicrobium,-0.001843699,0.542,ns,Rhizobiales,NS,NS
Polaromonas,0.000232342,0.547,ns,Burkholderiales,NS,NS
Leuconostoc,0.000694133,0.549,ns,Lactobacillales,NS,NS
Ancylobacter,0.000611914,0.549,ns,Rhizobiales,NS,NS
Psychrobacter,-0.000450029,0.573,ns,Pseudomonadales,NS,NS
Dokdonella,-0.000396553,0.578,ns,Xanthomonadales,NS,NS
Shuttleworthia,0.0016453,0.581,ns,Clostridiales,NS,NS
Macellibacteroides,-0.002577788,0.593,ns,Bacteroidales,NS,NS
Nitratireductor,-0.004392739,0.602,ns,Rhizobiales,NS,NS
Limnohabitans,-0.00607986,0.603,ns,Burkholderiales,NS,NS
Oribacterium,0.000725797,0.607,ns,Clostridiales,NS,NS
Dysgonomonas,-0.001291612,0.612,ns,Bacteroidales,NS,NS
Gracilibacter,0.001736843,0.613,ns,Clostridiales,NS,NS
Roseococcus,-0.000332029,0.628,ns,Rhodospirillales,NS,NS
Polycyclovorans,-0.000892607,0.633,ns,Xanthomonadales,NS,NS
Ethanoligenens,-0.001865053,0.641,ns,Clostridiales,NS,NS
Chelatococcus,-0.002327081,0.646,ns,Rhizobiales,NS,NS
Proteus,-0.034427989,0.646,ns,Enterobacteriales,NS,NS
Bosea,0.005121283,0.648,ns,Rhizobiales,NS,NS
Azorhizobium,0.002359457,0.649,ns,Rhizobiales,NS,NS
Bradyrhizobium,-0.004050563,0.65,ns,Rhizobiales,NS,NS
Porphyrobacter,0.002791645,0.669,ns,Sphingomonadales,NS,NS
Aquabacterium,0.000937425,0.679,ns,Burkholderiales,NS,NS
Ramlibacter,0.000285965,0.68,ns,Burkholderiales,NS,NS
Oscillibacter,0.009992842,0.685,ns,Clostridiales,NS,NS
Anaerosporobacter,-0.004112947,0.688,ns,Clostridiales,NS,NS
Rhodopseudomonas,0.001416759,0.702,ns,Rhizobiales,NS,NS
[Eubacterium]_ventriosum_group,0.001405497,0.702,ns,Clostridiales,NS,NS
Lysobacter,-0.001871045,0.732,ns,Xanthomonadales,NS,NS
Lachnospiraceae_UCG-006,0.001640453,0.736,ns,Clostridiales,NS,NS
Dongia,-0.003599643,0.737,ns,Rhodospirillales,NS,NS
Nordella,0.001432868,0.741,ns,Rhizobiales,NS,NS
Arenimonas,-0.002162839,0.744,ns,Xanthomonadales,NS,NS
Parapusillimonas,0.000422438,0.745,ns,Burkholderiales,NS,NS
Paraprevotella,0.001745861,0.747,ns,Bacteroidales,NS,NS
Anaerostipes,0.004000206,0.751,ns,Clostridiales,NS,NS
Prosthecomicrobium,0.001284986,0.752,ns,Rhizobiales,NS,NS
Prevotellaceae_Ga6A1_group,-0.000948116,0.755,ns,Bacteroidales,NS,NS
Prevotella_6,-0.00021925,0.755,ns,Bacteroidales,NS,NS
Rhizobacter,0.000689191,0.763,ns,Burkholderiales,NS,NS
Limnobacter,0.001082634,0.773,ns,Burkholderiales,NS,NS
Fastidiosipila,-0.001920001,0.774,ns,Clostridiales,NS,NS
Peptostreptococcus,0.00038321,0.789,ns,Clostridiales,NS,NS
Caenimonas,-0.000460046,0.799,ns,Burkholderiales,NS,NS
Solimonas,0.00083221,0.806,ns,Xanthomonadales,NS,NS
Coprococcus_3,0.001448613,0.808,ns,Clostridiales,NS,NS
Lachnospiraceae_UCG-005,0.000944303,0.808,ns,Clostridiales,NS,NS
Reyranella,0.003023563,0.809,ns,Rhodospirillales,NS,NS
Ruminiclostridium_5,-0.004440858,0.816,ns,Clostridiales,NS,NS
Lachnospiraceae_UCG-004,-0.001224564,0.822,ns,Clostridiales,NS,NS
Janthinobacterium,-0.000384615,0.826,ns,Burkholderiales,NS,NS
Parvimonas,-0.000482368,0.835,ns,Clostridiales,NS,NS
Mycoplana,0.003364739,0.842,ns,Rhizobiales,NS,NS
Blvii28_wastewater-sludge_group,0.000153323,0.85,ns,Bacteroidales,NS,NS
Lachnospira,-0.001978941,0.874,ns,Clostridiales,NS,NS
Dolosigranulum,-3.38E-05,0.881,ns,Lactobacillales,NS,NS
Alsobacter,0.000495345,0.899,ns,Rhizobiales,NS,NS
Clostridium_sensu_stricto_12,-0.000737378,0.902,ns,Clostridiales,NS,NS
Pseudorhodoferax,-2.55E-05,0.916,ns,Burkholderiales,NS,NS
Acidibacter,-0.000654899,0.931,ns,Xanthomonadales,NS,NS
[Eubacterium]_ruminantium_group,0.000764373,0.939,ns,Clostridiales,NS,NS
Rhodoplanes,0.000117052,0.95,ns,Rhizobiales,NS,NS
Anaerobacterium,0.000108829,0.961,ns,Clostridiales,NS,NS
Tannerella,5.35E-05,0.964,ns,Bacteroidales,NS,NS
Noviherbaspirillum,-3.59E-05,0.968,ns,Burkholderiales,NS,NS
Coprococcus_1,-0.000315897,0.969,ns,Clostridiales,NS,NS
Desulfotomaculum,-0.000199364,0.973,ns,Clostridiales,NS,NS
Clostridium_sensu_stricto_9,0.000110843,0.983,ns,Clostridiales,NS,NS
Terrisporobacter,3.59E-06,0.991,ns,Clostridiales,NS,NS
Aerococcus,1.18E-06,0.998,ns,Lactobacillales,NS,NS
