newid,Group,Os02g41630.2_OsPAL01_1771_C-HAP1_A-HAP2,Os04g43760.1_OsPAL02_5538_A-HAP1_G-HAP2,Os12g33610.1_OsPAL03_112_A-HAP1_T-HAP2,Os05g35290.1_OsPAL04_58_C-HAP1_T-HAP2,Os02g41670.1_OsPAL05_2921_T-HAP1_C-HAP2,Os02g41680.1_OsPAL06_257_G-HAP1_A-HAP2,Os04g43800.1_OsPAL07_296_T-HAP1_C-HAP2,Os02g41650.1_OsPAL08_2230_T-HAP1_C-HAP2
IRGC120969_2,IRGC120969,HAP1,HAP1,HAP2,HAP1,HAP2,HAP1,HAP1,HAP1
IRGC120969_5,IRGC120969,HAP1,HAP1,HAP2,HAP1,HAP2,HAP1,HAP1,HAP1
IRGC120935_4,IRGC120935,HAP1,HAP1,HAP1,HAP1,HAP2,HAP1,HAP1,HAP1
IRGC120935_8,IRGC120935,HAP1,HAP1,HAP1,HAP1,HAP2,HAP1,HAP1,HAP1
IRGC117429_9,IRGC117429,HAP1,HAP1,HAP1,HAP1,HAP2,HAP1,HAP1,HAP1
IRGC120953_6,IRGC120953,HAP1,HAP1,HAP1,HAP1,HAP2,HAP1,HAP1,HAP1
IRGC120953_2,IRGC120953,HAP1,HAP1,HAP1,HAP1,HAP2,HAP1,HAP1,HAP1
IRGC120953_4,IRGC120953,HAP1,HAP1,HAP1,HAP1,HAP2,HAP1,HAP1,HAP1
IRGC120953_8,IRGC120953,HAP1,HAP1,HAP1,HAP1,HAP2,HAP1,HAP1,HAP1
IRGC120969_8,IRGC120969,HAP1,HAP1,HAP2,HAP1,HAP2,HAP1,HAP1,HAP1
IRGC120935_3,IRGC120935,HAP1,HAP1,HAP1,HAP1,HAP2,HAP1,HAP1,HAP1
IRGC120969_7,IRGC120969,HAP1,HAP1,HAP2,HAP1,HAP2,HAP1,HAP1,HAP1
IRGC120953_7,IRGC120953,HAP1,HAP1,HAP1,HAP1,HAP2,HAP1,HAP1,HAP1
IRGC120953_10,IRGC120953,HAP1,HAP1,HAP1,HAP1,HAP2,HAP1,HAP1,HAP1
IRGC120953_5,IRGC120953,HAP1,HAP1,HAP1,HAP1,HAP2,HAP1,HAP1,HAP1
IRGC117429_2,IRGC117429,HAP1,HAP1,HAP1,HAP1,HAP2,HAP1,HAP1,HAP1
IRGC117429_3,IRGC117429,HAP1,HAP1,HAP1,HAP1,HAP2,HAP1,HAP1,HAP1
IRGC117429_5,IRGC117429,HAP1,HAP1,HAP1,HAP1,HAP2,HAP1,HAP1,HAP1
IRGC120969_3,IRGC120969,HAP1,HAP1,HAP2,HAP1,HAP2,HAP1,HAP1,HAP1
IRGC120935_1,IRGC120935,HAP1,HAP1,HAP1,HAP1,HAP2,HAP1,HAP1,HAP1
IRGC120969_1,IRGC120969,HAP1,HAP1,HAP2,HAP1,HAP2,HAP1,HAP1,HAP1
IRGC120935_7,IRGC120935,HAP1,HAP1,HAP1,HAP1,HAP2,HAP1,HAP1,HAP1
IRGC117429_4,IRGC117429,HAP1,HAP1,HAP1,HAP1,HAP2,HAP1,HAP1,HAP1
IRGC120969_6,IRGC120969,HAP1,HAP1,HAP2,HAP1,HAP2,HAP1,HAP1,HAP1
IRGC120969_10,IRGC120969,HAP1,HAP1,HAP2,HAP1,HAP2,HAP1,HAP1,HAP1
IRGC117429_7,IRGC117429,HAP1,HAP1,HAP1,HAP1,HAP2,HAP1,HAP1,HAP1
IRGC121850_4,IRGC121850,HAP1,HAP1,HAP2,HAP1,HAP2,HAP1,HAP1,HAP1
IRGC120971_8,IRGC120971,HAP1,HAP1,HAP1,HAP1,HAP2,HAP1,HAP1,HAP1
IRGC121324_2,IRGC121324,HAP1,HAP1,HAP1,HAP1,HAP2,HAP1,HAP1,HAP1
IRGC121528_9,IRGC121528,HAP1,HAP1,HAP1,HAP1,HAP2,HAP1,HAP2,HAP1
IRGC121001_8,IRGC121001,HAP1,HAP1,HAP2,HAP1,HAP2,HAP1,HAP2,HAP1
IRGC121605_7,IRGC121605,HAP1,HAP1,HAP1,HAP1,HAP2,HAP1,HAP1,HAP1
IRGC121158_4,IRGC121158,HAP1,HAP1,HAP1,HAP1,HAP2,HAP1,HAP1,HAP1
IRGC121158_1,IRGC121158,HAP1,HAP1,HAP1,HAP1,HAP2,HAP1,HAP1,HAP1
IRGC121636_10,IRGC121636,HAP1,HAP1,HAP1,HAP1,HAP2,HAP1,HAP1,HAP1
IRGC121197_4,IRGC121197,HAP1,HAP1,HAP1,HAP1,HAP2,HAP1,HAP1,HAP1
IRGC121197_9,IRGC121197,HAP1,HAP1,HAP1,HAP1,HAP2,HAP1,HAP1,HAP1
IRGC121827_1,IRGC121827,HAP1,HAP1,HAP2,HAP1,HAP2,HAP1,HAP2,HAP1
IRGC121411_8,IRGC121411,HAP1,HAP1,HAP1,HAP1,HAP2,HAP1,HAP1,HAP1
IRGC121748_10,IRGC121748,HAP1,HAP1,HAP2,HAP1,HAP2,HAP1,HAP1,HAP1
IRGC120978_3,IRGC120978,HAP1,HAP1,HAP1,HAP1,HAP2,HAP1,HAP1,HAP1
IRGC121201_3,IRGC121201,HAP1,HAP1,HAP1,HAP1,HAP2,HAP1,HAP2,HAP1
IRGC121197_5,IRGC121197,HAP1,HAP1,HAP1,HAP1,HAP2,HAP1,HAP1,HAP1
IRGC121850_7,IRGC121850,HAP1,HAP1,HAP2,HAP1,HAP2,HAP1,HAP1,HAP1
IRGC120978_4,IRGC120978,HAP1,HAP1,HAP1,HAP1,HAP2,HAP1,HAP1,HAP1
IRGC120971_9,IRGC120971,HAP1,HAP1,HAP1,HAP1,HAP2,HAP1,HAP1,HAP1
IRGC121760_10,IRGC121760,HAP1,HAP1,HAP1,HAP1,HAP2,HAP1,HAP2,HAP1
IRGC121201_5,IRGC121201,HAP1,HAP1,HAP1,HAP1,HAP2,HAP1,HAP2,HAP1
IRGC121748_4,IRGC121748,HAP1,HAP1,HAP2,HAP1,HAP2,HAP1,HAP1,HAP1
IRGC120972_8,IRGC120972,HAP1,HAP1,HAP1,HAP1,HAP2,HAP1,HAP1,HAP1
IRGC121760_2,IRGC121760,HAP1,HAP1,HAP1,HAP1,HAP2,HAP1,HAP2,HAP1
IRGC120976_6,IRGC120976,HAP1,HAP1,HAP1,HAP1,HAP2,HAP1,HAP2,HAP1
IRGC121759_9,IRGC121759,HAP1,HAP1,HAP1,HAP1,HAP2,HAP1,HAP1,HAP1
IRGC121324_6,IRGC121324,HAP1,HAP1,HAP1,HAP1,HAP2,HAP1,HAP1,HAP1
IRGC121884_10,IRGC121884,HAP1,HAP1,HAP1,HAP1,HAP2,HAP1,HAP1,HAP1
IRGC121152_5,IRGC121152,HAP1,HAP1,HAP1,HAP1,HAP2,HAP1,HAP1,HAP1
IRGC121771_8,IRGC121771,HAP1,HAP1,HAP1,HAP1,HAP2,HAP1,HAP1,HAP1
IRGC121605_9,IRGC121605,HAP1,HAP1,HAP1,HAP1,HAP2,HAP1,HAP1,HAP1
IRGC121756_5,IRGC121756,HAP1,HAP1,HAP1,HAP1,HAP2,HAP1,HAP1,HAP1
IRGC121528_8,IRGC121528,HAP1,HAP1,HAP1,HAP1,HAP2,HAP1,HAP2,HAP1
IRGC121156_7,IRGC121156,HAP1,HAP1,HAP2,HAP1,HAP2,HAP1,HAP2,HAP1
IRGC121621_9,IRGC121621,HAP1,HAP1,HAP2,HAP1,HAP2,HAP1,HAP1,HAP1
IRGC120953_1,IRGC120953,HAP1,HAP1,HAP1,HAP1,HAP2,HAP1,HAP1,HAP1
IRGC121277_6,IRGC121277,HAP1,HAP1,HAP1,HAP1,HAP2,HAP1,HAP2,HAP1
IRGC121277_7,IRGC121277,HAP1,HAP1,HAP1,HAP1,HAP2,HAP1,HAP2,HAP1
IRGC121156_3,IRGC121156,HAP1,HAP1,HAP2,HAP1,HAP2,HAP1,HAP2,HAP1
IRGC121771_1,IRGC121771,HAP1,HAP1,HAP1,HAP1,HAP2,HAP1,HAP1,HAP1
IRGC121759_8,IRGC121759,HAP1,HAP1,HAP1,HAP1,HAP2,HAP1,HAP1,HAP1
IRGC120984_4,IRGC120984,HAP1,HAP1,HAP1,HAP1,HAP2,HAP1,HAP1,HAP1
IRGC121588_10,IRGC121588,HAP1,HAP1,HAP1,HAP1,HAP2,HAP1,HAP2,HAP1
IRGC121605_3,IRGC121605,HAP1,HAP1,HAP1,HAP1,HAP2,HAP1,HAP1,HAP1
IRGC121453_3,IRGC121453,HAP1,HAP1,HAP1,HAP1,HAP2,HAP1,HAP1,HAP1
IRGC121099_9,IRGC121099,HAP1,HAP1,HAP1,HAP1,HAP2,HAP1,HAP1,HAP1
IRGC117598_3,IRGC117598,HAP1,HAP1,HAP1,HAP1,HAP2,HAP1,HAP1,HAP1
IRGC121636_6,IRGC121636,HAP1,HAP1,HAP1,HAP1,HAP2,HAP1,HAP1,HAP1
IRGC117429_6,IRGC117429,HAP1,HAP1,HAP1,HAP1,HAP2,HAP1,HAP1,HAP1
IRGC121411_3,IRGC121411,HAP1,HAP1,HAP1,HAP1,HAP2,HAP1,HAP1,HAP1
IRGC121760_7,IRGC121760,HAP1,HAP1,HAP1,HAP1,HAP2,HAP1,HAP2,HAP1
IRGC121760_8,IRGC121760,HAP1,HAP1,HAP1,HAP1,HAP2,HAP1,HAP2,HAP1
IRGC121771_7,IRGC121771,HAP1,HAP1,HAP1,HAP1,HAP2,HAP1,HAP1,HAP1
IRGC121771_2,IRGC121771,HAP1,HAP1,HAP1,HAP1,HAP2,HAP1,HAP1,HAP1
IRGC120977_9,IRGC120977,HAP1,HAP1,HAP2,HAP1,HAP2,HAP1,HAP1,HAP1
IRGC117598_9,IRGC117598,HAP1,HAP1,HAP1,HAP1,HAP2,HAP1,HAP1,HAP1
IRGC121884_4,IRGC121884,HAP1,HAP1,HAP1,HAP1,HAP2,HAP1,HAP1,HAP1
IRGC120971_5,IRGC120971,HAP1,HAP1,HAP1,HAP1,HAP2,HAP1,HAP1,HAP1
IRGC120953_3,IRGC120953,HAP1,HAP1,HAP1,HAP1,HAP2,HAP1,HAP1,HAP1
IRGC121849_5,IRGC121849,HAP1,HAP1,HAP2,HAP1,HAP2,HAP1,HAP1,HAP1
IRGC120977_3,IRGC120977,HAP1,HAP1,HAP2,HAP1,HAP2,HAP1,HAP1,HAP1
IRGC121324_9,IRGC121324,HAP1,HAP1,HAP1,HAP1,HAP2,HAP1,HAP1,HAP1
IRGC121152_8,IRGC121152,HAP1,HAP1,HAP1,HAP1,HAP2,HAP1,HAP1,HAP1
IRGC121158_7,IRGC121158,HAP1,HAP1,HAP1,HAP1,HAP2,HAP1,HAP1,HAP1
IRGC121197_1,IRGC121197,HAP1,HAP1,HAP1,HAP1,HAP2,HAP1,HAP1,HAP1
IRGC121858_3,IRGC121858,HAP1,HAP1,HAP2,HAP1,HAP2,HAP1,HAP1,HAP1
IRGC121060_8,IRGC121060,HAP1,HAP1,HAP1,HAP1,HAP2,HAP1,HAP1,HAP1
IRGC120972_7,IRGC120972,HAP1,HAP1,HAP1,HAP1,HAP2,HAP1,HAP1,HAP1
IRGC121621_5,IRGC121621,HAP1,HAP1,HAP2,HAP1,HAP2,HAP1,HAP1,HAP1
IRGC121771_9,IRGC121771,HAP1,HAP1,HAP1,HAP1,HAP2,HAP1,HAP1,HAP1
IRGC121636_2,IRGC121636,HAP1,HAP1,HAP1,HAP1,HAP2,HAP1,HAP1,HAP1
IRGC121201_4,IRGC121201,HAP1,HAP1,HAP1,HAP1,HAP2,HAP1,HAP2,HAP1
IRGC121832_3,IRGC121832,HAP1,HAP1,HAP1,HAP1,HAP2,HAP1,HAP1,HAP1
IRGC121076_10,IRGC121076,HAP1,HAP1,HAP2,HAP1,HAP2,HAP1,HAP1,HAP1
IRGC121608_1,IRGC121608,HAP1,HAP1,HAP2,HAP1,HAP2,HAP1,HAP1,HAP1
IRGC121156_10,IRGC121156,HAP1,HAP1,HAP2,HAP1,HAP2,HAP1,HAP2,HAP1
IRGC120935_2,IRGC120935,HAP1,HAP1,HAP1,HAP1,HAP2,HAP1,HAP1,HAP1
IRGC121055_6,IRGC121055,HAP1,HAP1,HAP1,HAP1,HAP2,HAP1,HAP2,HAP1
IRGC121832_10,IRGC121832,HAP1,HAP1,HAP1,HAP1,HAP2,HAP1,HAP1,HAP1
IRGC121849_2,IRGC121849,HAP1,HAP1,HAP2,HAP1,HAP2,HAP1,HAP1,HAP1
IRGC121007_8,IRGC121007,HAP1,HAP1,HAP1,HAP1,HAP2,HAP1,HAP1,HAP1
IRGC120976_1,IRGC120976,HAP1,HAP1,HAP1,HAP1,HAP2,HAP1,HAP2,HAP1
IRGC120999_2,IRGC120999,HAP1,HAP1,HAP1,HAP1,HAP2,HAP1,HAP1,HAP1
IRGC121528_4,IRGC121528,HAP1,HAP1,HAP1,HAP1,HAP2,HAP1,HAP2,HAP1
IRGC120984_2,IRGC120984,HAP1,HAP1,HAP1,HAP1,HAP2,HAP1,HAP1,HAP1
IRGC121528_5,IRGC121528,HAP1,HAP1,HAP1,HAP1,HAP2,HAP1,HAP2,HAP1
IRGC117545_10,IRGC117545,HAP1,HAP1,HAP1,HAP1,HAP2,HAP1,HAP1,HAP1
IRGC121324_10,IRGC121324,HAP1,HAP1,HAP1,HAP1,HAP2,HAP1,HAP1,HAP1
IRGC120978_7,IRGC120978,HAP1,HAP1,HAP1,HAP1,HAP2,HAP1,HAP1,HAP1
IRGC121858_1,IRGC121858,HAP1,HAP1,HAP2,HAP1,HAP2,HAP1,HAP1,HAP1
IRGC121152_3,IRGC121152,HAP1,HAP1,HAP1,HAP1,HAP2,HAP1,HAP1,HAP1
IRGC121007_6,IRGC121007,HAP1,HAP1,HAP1,HAP1,HAP2,HAP1,HAP1,HAP1
IRGC120969_9,IRGC120969,HAP1,HAP1,HAP2,HAP1,HAP2,HAP1,HAP1,HAP1
IRGC121197_7,IRGC121197,HAP1,HAP1,HAP1,HAP1,HAP2,HAP1,HAP1,HAP1
IRGC121055_7,IRGC121055,HAP1,HAP1,HAP1,HAP1,HAP2,HAP1,HAP2,HAP1
IRGC121411_4,IRGC121411,HAP1,HAP1,HAP1,HAP1,HAP2,HAP1,HAP1,HAP1
IRGC121060_4,IRGC121060,HAP1,HAP1,HAP1,HAP1,HAP2,HAP1,HAP1,HAP1
IRGC120976_9,IRGC120976,HAP1,HAP1,HAP1,HAP1,HAP2,HAP1,HAP2,HAP1
IRGC121528_1,IRGC121528,HAP1,HAP1,HAP1,HAP1,HAP2,HAP1,HAP2,HAP1
IRGC120999_10,IRGC120999,HAP1,HAP1,HAP1,HAP1,HAP2,HAP1,HAP1,HAP1
IRGC121611_10,IRGC121611,HAP1,HAP1,HAP2,HAP1,HAP2,HAP1,HAP2,HAP1
IRGC121827_5,IRGC121827,HAP1,HAP1,HAP2,HAP1,HAP2,HAP1,HAP2,HAP1
IRGC121849_8,IRGC121849,HAP1,HAP1,HAP2,HAP1,HAP2,HAP1,HAP1,HAP1
IRGC120999_6,IRGC120999,HAP1,HAP1,HAP1,HAP1,HAP2,HAP1,HAP1,HAP1
IRGC121748_1,IRGC121748,HAP1,HAP1,HAP2,HAP1,HAP2,HAP1,HAP1,HAP1
IRGC121759_5,IRGC121759,HAP1,HAP1,HAP1,HAP1,HAP2,HAP1,HAP1,HAP1
IRGC121621_8,IRGC121621,HAP1,HAP1,HAP2,HAP1,HAP2,HAP1,HAP1,HAP1
IRGC121617_4,IRGC121617,HAP1,HAP1,HAP1,HAP1,HAP2,HAP1,HAP1,HAP1
IRGC117429_8,IRGC117429,HAP1,HAP1,HAP1,HAP1,HAP2,HAP1,HAP1,HAP1
IRGC121201_9,IRGC121201,HAP1,HAP1,HAP1,HAP1,HAP2,HAP1,HAP2,HAP1
IRGC121827_7,IRGC121827,HAP1,HAP1,HAP2,HAP1,HAP2,HAP1,HAP2,HAP1
IRGC117598_2,IRGC117598,HAP1,HAP1,HAP1,HAP1,HAP2,HAP1,HAP1,HAP1
IRGC121884_1,IRGC121884,HAP1,HAP1,HAP1,HAP1,HAP2,HAP1,HAP1,HAP1
IRGC121617_5,IRGC121617,HAP1,HAP1,HAP1,HAP1,HAP2,HAP1,HAP1,HAP1
IRGC121158_9,IRGC121158,HAP1,HAP1,HAP1,HAP1,HAP2,HAP1,HAP1,HAP1
IRGC121849_4,IRGC121849,HAP1,HAP1,HAP2,HAP1,HAP2,HAP1,HAP1,HAP1
IRGC120976_4,IRGC120976,HAP1,HAP1,HAP1,HAP1,HAP2,HAP1,HAP2,HAP1
IRGC120976_7,IRGC120976,HAP1,HAP1,HAP1,HAP1,HAP2,HAP1,HAP2,HAP1
IRGC121071_4,IRGC121071,HAP1,HAP1,HAP1,HAP1,HAP2,HAP1,HAP1,HAP1
IRGC117429_1,IRGC117429,HAP1,HAP1,HAP1,HAP1,HAP2,HAP1,HAP1,HAP1
IRGC120974_3,IRGC120974,HAP1,HAP1,HAP1,HAP1,HAP2,HAP1,HAP1,HAP1
IRGC121453_2,IRGC121453,HAP1,HAP1,HAP1,HAP1,HAP2,HAP1,HAP1,HAP1
IRGC121078_8,IRGC121078,HAP1,HAP1,HAP1,HAP1,HAP2,HAP1,HAP1,HAP1
IRGC121158_2,IRGC121158,HAP1,HAP1,HAP1,HAP1,HAP2,HAP1,HAP1,HAP1
IRGC120977_6,IRGC120977,HAP1,HAP1,HAP2,HAP1,HAP2,HAP1,HAP1,HAP1
IRGC121046_3,IRGC121046,HAP1,HAP1,HAP2,HAP2,HAP2,HAP1,HAP1,HAP1
IRGC121858_10,IRGC121858,HAP1,HAP1,HAP2,HAP1,HAP2,HAP1,HAP1,HAP1
IRGC121071_9,IRGC121071,HAP1,HAP1,HAP1,HAP1,HAP2,HAP1,HAP1,HAP1
IRGC121152_6,IRGC121152,HAP1,HAP1,HAP1,HAP1,HAP2,HAP1,HAP1,HAP1
IRGC121588_8,IRGC121588,HAP1,HAP1,HAP1,HAP1,HAP2,HAP1,HAP2,HAP1
IRGC120971_1,IRGC120971,HAP1,HAP1,HAP1,HAP1,HAP2,HAP1,HAP1,HAP1
IRGC121220_1,IRGC121220,HAP1,HAP1,HAP1,HAP1,HAP2,HAP1,HAP1,HAP1
IRGC121608_9,IRGC121608,HAP1,HAP1,HAP2,HAP1,HAP2,HAP1,HAP1,HAP1
IRGC117545_8,IRGC117545,HAP1,HAP1,HAP1,HAP1,HAP2,HAP1,HAP1,HAP1
IRGC121099_7,IRGC121099,HAP1,HAP1,HAP1,HAP1,HAP2,HAP1,HAP1,HAP1
IRGC121617_8,IRGC121617,HAP1,HAP1,HAP1,HAP1,HAP2,HAP1,HAP1,HAP1
IRGC121760_3,IRGC121760,HAP1,HAP1,HAP1,HAP1,HAP2,HAP1,HAP2,HAP1
IRGC121158_3,IRGC121158,HAP1,HAP1,HAP1,HAP1,HAP2,HAP1,HAP1,HAP1
IRGC121453_8,IRGC121453,HAP1,HAP1,HAP1,HAP1,HAP2,HAP1,HAP1,HAP1
IRGC121636_1,IRGC121636,HAP1,HAP1,HAP1,HAP1,HAP2,HAP1,HAP1,HAP1
IRGC121832_8,IRGC121832,HAP1,HAP1,HAP1,HAP1,HAP2,HAP1,HAP1,HAP1
IRGC121324_7,IRGC121324,HAP1,HAP1,HAP1,HAP1,HAP2,HAP1,HAP1,HAP1
IRGC121528_2,IRGC121528,HAP1,HAP1,HAP1,HAP1,HAP2,HAP1,HAP2,HAP1
IRGC121588_6,IRGC121588,HAP1,HAP1,HAP1,HAP1,HAP2,HAP1,HAP2,HAP1
IRGC121220_10,IRGC121220,HAP1,HAP1,HAP1,HAP1,HAP2,HAP1,HAP1,HAP1
IRGC121849_9,IRGC121849,HAP1,HAP1,HAP2,HAP1,HAP2,HAP1,HAP1,HAP1
IRGC121605_5,IRGC121605,HAP1,HAP1,HAP1,HAP1,HAP2,HAP1,HAP1,HAP1
IRGC121850_2,IRGC121850,HAP1,HAP1,HAP2,HAP1,HAP2,HAP1,HAP1,HAP1
IRGC121055_5,IRGC121055,HAP1,HAP1,HAP1,HAP1,HAP2,HAP1,HAP2,HAP1
IRGC121201_10,IRGC121201,HAP1,HAP1,HAP1,HAP1,HAP2,HAP1,HAP2,HAP1
IRGC121753_8,IRGC121753,HAP1,HAP1,HAP1,HAP1,HAP2,HAP1,HAP1,HAP1
IRGC121756_2,IRGC121756,HAP1,HAP1,HAP1,HAP1,HAP2,HAP1,HAP1,HAP1
IRGC121007_4,IRGC121007,HAP1,HAP1,HAP1,HAP1,HAP2,HAP1,HAP1,HAP1
IRGC121071_8,IRGC121071,HAP1,HAP1,HAP1,HAP1,HAP2,HAP1,HAP1,HAP1
IRGC121608_10,IRGC121608,HAP1,HAP1,HAP2,HAP1,HAP2,HAP1,HAP1,HAP1
IRGC121156_4,IRGC121156,HAP1,HAP1,HAP2,HAP1,HAP2,HAP1,HAP2,HAP1
IRGC121453_10,IRGC121453,HAP1,HAP1,HAP1,HAP1,HAP2,HAP1,HAP1,HAP1
IRGC121849_6,IRGC121849,HAP1,HAP1,HAP2,HAP1,HAP2,HAP1,HAP1,HAP1
IRGC121071_7,IRGC121071,HAP1,HAP1,HAP1,HAP1,HAP2,HAP1,HAP1,HAP1
IRGC121152_2,IRGC121152,HAP1,HAP1,HAP1,HAP1,HAP2,HAP1,HAP1,HAP1
IRGC121099_8,IRGC121099,HAP1,HAP1,HAP1,HAP1,HAP2,HAP1,HAP1,HAP1
IRGC121055_4,IRGC121055,HAP1,HAP1,HAP1,HAP1,HAP2,HAP1,HAP2,HAP1
IRGC121753_9,IRGC121753,HAP1,HAP1,HAP1,HAP1,HAP2,HAP1,HAP1,HAP1
IRGC121046_8,IRGC121046,HAP1,HAP1,HAP2,HAP2,HAP2,HAP1,HAP1,HAP1
IRGC121608_3,IRGC121608,HAP1,HAP1,HAP2,HAP1,HAP2,HAP1,HAP1,HAP1
IRGC121055_1,IRGC121055,HAP1,HAP1,HAP1,HAP1,HAP2,HAP1,HAP2,HAP1
IRGC120935_5,IRGC120935,HAP1,HAP1,HAP1,HAP1,HAP2,HAP1,HAP1,HAP1
IRGC121076_7,IRGC121076,HAP1,HAP1,HAP2,HAP1,HAP2,HAP1,HAP1,HAP1
IRGC121611_5,IRGC121611,HAP1,HAP1,HAP2,HAP1,HAP2,HAP1,HAP2,HAP1
IRGC121220_7,IRGC121220,HAP1,HAP1,HAP1,HAP1,HAP2,HAP1,HAP1,HAP1
IRGC120969_4,IRGC120969,HAP1,HAP1,HAP2,HAP1,HAP2,HAP1,HAP1,HAP1
IRGC121608_8,IRGC121608,HAP1,HAP1,HAP2,HAP1,HAP2,HAP1,HAP1,HAP1
IRGC121007_5,IRGC121007,HAP1,HAP1,HAP1,HAP1,HAP2,HAP1,HAP1,HAP1
IRGC121076_2,IRGC121076,HAP1,HAP1,HAP2,HAP1,HAP2,HAP1,HAP1,HAP1
IRGC121756_9,IRGC121756,HAP1,HAP1,HAP1,HAP1,HAP2,HAP1,HAP1,HAP1
IRGC121071_1,IRGC121071,HAP1,HAP1,HAP1,HAP1,HAP2,HAP1,HAP1,HAP1
IRGC121611_2,IRGC121611,HAP1,HAP1,HAP2,HAP1,HAP2,HAP1,HAP2,HAP1
IRGC117545_3,IRGC117545,HAP1,HAP1,HAP1,HAP1,HAP2,HAP1,HAP1,HAP1
IRGC121277_4,IRGC121277,HAP1,HAP1,HAP1,HAP1,HAP2,HAP1,HAP2,HAP1
IRGC120976_3,IRGC120976,HAP1,HAP1,HAP1,HAP1,HAP2,HAP1,HAP2,HAP1
IRGC121748_9,IRGC121748,HAP1,HAP1,HAP2,HAP1,HAP2,HAP1,HAP1,HAP1
IRGC121055_3,IRGC121055,HAP1,HAP1,HAP1,HAP1,HAP2,HAP1,HAP2,HAP1
IRGC121826_3,IRGC121826,HAP1,HAP1,HAP1,HAP1,HAP2,HAP1,HAP2,HAP1
IRGC121753_6,IRGC121753,HAP1,HAP1,HAP1,HAP1,HAP2,HAP1,HAP1,HAP1
IRGC121759_2,IRGC121759,HAP1,HAP1,HAP1,HAP1,HAP2,HAP1,HAP1,HAP1
IRGC121156_1,IRGC121156,HAP1,HAP1,HAP2,HAP1,HAP2,HAP1,HAP2,HAP1
IRGC120935_10,IRGC120935,HAP1,HAP1,HAP1,HAP1,HAP2,HAP1,HAP1,HAP1
IRGC120972_1,IRGC120972,HAP1,HAP1,HAP1,HAP1,HAP2,HAP1,HAP1,HAP1
IRGC121771_10,IRGC121771,HAP1,HAP1,HAP1,HAP1,HAP2,HAP1,HAP1,HAP1
IRGC121588_1,IRGC121588,HAP1,HAP1,HAP1,HAP1,HAP2,HAP1,HAP2,HAP1
IRGC121001_10,IRGC121001,HAP1,HAP1,HAP2,HAP1,HAP2,HAP1,HAP2,HAP1
IRGC121827_8,IRGC121827,HAP1,HAP1,HAP2,HAP1,HAP2,HAP1,HAP2,HAP1
IRGC120953_9,IRGC120953,HAP1,HAP1,HAP1,HAP1,HAP2,HAP1,HAP1,HAP1
IRGC121078_5,IRGC121078,HAP1,HAP1,HAP1,HAP1,HAP2,HAP1,HAP1,HAP1
IRGC121156_5,IRGC121156,HAP1,HAP1,HAP2,HAP1,HAP2,HAP1,HAP2,HAP1
IRGC121453_6,IRGC121453,HAP1,HAP1,HAP1,HAP1,HAP2,HAP1,HAP1,HAP1
IRGC121324_8,IRGC121324,HAP1,HAP1,HAP1,HAP1,HAP2,HAP1,HAP1,HAP1
IRGC121001_2,IRGC121001,HAP1,HAP1,HAP2,HAP1,HAP2,HAP1,HAP2,HAP1
IRGC121277_8,IRGC121277,HAP1,HAP1,HAP1,HAP1,HAP2,HAP1,HAP2,HAP1
IRGC121060_1,IRGC121060,HAP1,HAP1,HAP1,HAP1,HAP2,HAP1,HAP1,HAP1
IRGC121827_2,IRGC121827,HAP1,HAP1,HAP2,HAP1,HAP2,HAP1,HAP2,HAP1
IRGC121826_10,IRGC121826,HAP1,HAP1,HAP1,HAP1,HAP2,HAP1,HAP2,HAP1
IRGC120978_5,IRGC120978,HAP1,HAP1,HAP1,HAP1,HAP2,HAP1,HAP1,HAP1
IRGC121201_8,IRGC121201,HAP1,HAP1,HAP1,HAP1,HAP2,HAP1,HAP2,HAP1
IRGC121605_1,IRGC121605,HAP1,HAP1,HAP1,HAP1,HAP2,HAP1,HAP1,HAP1
IRGC121617_3,IRGC121617,HAP1,HAP1,HAP1,HAP1,HAP2,HAP1,HAP1,HAP1
IRGC121001_7,IRGC121001,HAP1,HAP1,HAP2,HAP1,HAP2,HAP1,HAP2,HAP1
IRGC121617_10,IRGC121617,HAP1,HAP1,HAP1,HAP1,HAP2,HAP1,HAP1,HAP1
IRGC121858_2,IRGC121858,HAP1,HAP1,HAP2,HAP1,HAP2,HAP1,HAP1,HAP1
IRGC121611_3,IRGC121611,HAP1,HAP1,HAP2,HAP1,HAP2,HAP1,HAP2,HAP1
IRGC121277_2,IRGC121277,HAP1,HAP1,HAP1,HAP1,HAP2,HAP1,HAP2,HAP1
IRGC121827_6,IRGC121827,HAP1,HAP1,HAP2,HAP1,HAP2,HAP1,HAP2,HAP1
IRGC121617_6,IRGC121617,HAP1,HAP1,HAP1,HAP1,HAP2,HAP1,HAP1,HAP1
IRGC121760_5,IRGC121760,HAP1,HAP1,HAP1,HAP1,HAP2,HAP1,HAP2,HAP1
IRGC121756_10,IRGC121756,HAP1,HAP1,HAP1,HAP1,HAP2,HAP1,HAP1,HAP1
IRGC120977_7,IRGC120977,HAP1,HAP1,HAP2,HAP1,HAP2,HAP1,HAP1,HAP1
IRGC121220_5,IRGC121220,HAP1,HAP1,HAP1,HAP1,HAP2,HAP1,HAP1,HAP1
IRGC121076_4,IRGC121076,HAP1,HAP1,HAP2,HAP1,HAP2,HAP1,HAP1,HAP1
IRGC121858_7,IRGC121858,HAP1,HAP1,HAP2,HAP1,HAP2,HAP1,HAP1,HAP1
IRGC120999_4,IRGC120999,HAP1,HAP1,HAP1,HAP1,HAP2,HAP1,HAP1,HAP1
IRGC121617_7,IRGC121617,HAP1,HAP1,HAP1,HAP1,HAP2,HAP1,HAP1,HAP1
IRGC120977_8,IRGC120977,HAP1,HAP1,HAP2,HAP1,HAP2,HAP1,HAP1,HAP1
IRGC120935_9,IRGC120935,HAP1,HAP1,HAP1,HAP1,HAP2,HAP1,HAP1,HAP1
IRGC121411_2,IRGC121411,HAP1,HAP1,HAP1,HAP1,HAP2,HAP1,HAP1,HAP1
IRGC121046_9,IRGC121046,HAP1,HAP1,HAP2,HAP2,HAP2,HAP1,HAP1,HAP1
IRGC120978_2,IRGC120978,HAP1,HAP1,HAP1,HAP1,HAP2,HAP1,HAP1,HAP1
IRGC121884_3,IRGC121884,HAP1,HAP1,HAP1,HAP1,HAP2,HAP1,HAP1,HAP1
IRGC121759_6,IRGC121759,HAP1,HAP1,HAP1,HAP1,HAP2,HAP1,HAP1,HAP1
IRGC120984_6,IRGC120984,HAP1,HAP1,HAP1,HAP1,HAP2,HAP1,HAP1,HAP1
IRGC121071_6,IRGC121071,HAP1,HAP1,HAP1,HAP1,HAP2,HAP1,HAP1,HAP1
IRGC120974_7,IRGC120974,HAP1,HAP1,HAP1,HAP1,HAP2,HAP1,HAP1,HAP1
IRGC121152_10,IRGC121152,HAP1,HAP1,HAP1,HAP1,HAP2,HAP1,HAP1,HAP1
IRGC121078_9,IRGC121078,HAP1,HAP1,HAP1,HAP1,HAP2,HAP1,HAP1,HAP1
IRGC121760_4,IRGC121760,HAP1,HAP1,HAP1,HAP1,HAP2,HAP1,HAP2,HAP1
IRGC117598_6,IRGC117598,HAP1,HAP1,HAP1,HAP1,HAP2,HAP1,HAP1,HAP1
IRGC121827_4,IRGC121827,HAP1,HAP1,HAP2,HAP1,HAP2,HAP1,HAP2,HAP1
IRGC121748_3,IRGC121748,HAP1,HAP1,HAP2,HAP1,HAP2,HAP1,HAP1,HAP1
IRGC120977_4,IRGC120977,HAP1,HAP1,HAP2,HAP1,HAP2,HAP1,HAP1,HAP1
IRGC121156_2,IRGC121156,HAP1,HAP1,HAP2,HAP1,HAP2,HAP1,HAP2,HAP1
IRGC120971_10,IRGC120971,HAP1,HAP1,HAP1,HAP1,HAP2,HAP1,HAP1,HAP1
IRGC121771_5,IRGC121771,HAP1,HAP1,HAP1,HAP1,HAP2,HAP1,HAP1,HAP1
IRGC121588_7,IRGC121588,HAP1,HAP1,HAP1,HAP1,HAP2,HAP1,HAP2,HAP1
IRGC121453_5,IRGC121453,HAP1,HAP1,HAP1,HAP1,HAP2,HAP1,HAP1,HAP1
IRGC121007_7,IRGC121007,HAP1,HAP1,HAP1,HAP1,HAP2,HAP1,HAP1,HAP1
IRGC121605_6,IRGC121605,HAP1,HAP1,HAP1,HAP1,HAP2,HAP1,HAP1,HAP1
IRGC121832_7,IRGC121832,HAP1,HAP1,HAP1,HAP1,HAP2,HAP1,HAP1,HAP1
IRGC121884_2,IRGC121884,HAP1,HAP1,HAP1,HAP1,HAP2,HAP1,HAP1,HAP1
IRGC121849_10,IRGC121849,HAP1,HAP1,HAP2,HAP1,HAP2,HAP1,HAP1,HAP1
IRGC121197_10,IRGC121197,HAP1,HAP1,HAP1,HAP1,HAP2,HAP1,HAP1,HAP1
IRGC121588_2,IRGC121588,HAP1,HAP1,HAP1,HAP1,HAP2,HAP1,HAP2,HAP1
IRGC121324_3,IRGC121324,HAP1,HAP1,HAP1,HAP1,HAP2,HAP1,HAP1,HAP1
IRGC121046_10,IRGC121046,HAP1,HAP1,HAP2,HAP2,HAP2,HAP1,HAP1,HAP1
IRGC121055_9,IRGC121055,HAP1,HAP1,HAP1,HAP1,HAP2,HAP1,HAP2,HAP1
IRGC120974_2,IRGC120974,HAP1,HAP1,HAP1,HAP1,HAP2,HAP1,HAP1,HAP1
IRGC121277_3,IRGC121277,HAP1,HAP1,HAP1,HAP1,HAP2,HAP1,HAP2,HAP1
IRGC121078_7,IRGC121078,HAP1,HAP1,HAP1,HAP1,HAP2,HAP1,HAP1,HAP1
IRGC121060_3,IRGC121060,HAP1,HAP1,HAP1,HAP1,HAP2,HAP1,HAP1,HAP1
IRGC120974_6,IRGC120974,HAP1,HAP1,HAP1,HAP1,HAP2,HAP1,HAP1,HAP1
IRGC120984_8,IRGC120984,HAP1,HAP1,HAP1,HAP1,HAP2,HAP1,HAP1,HAP1
IRGC121850_1,IRGC121850,HAP1,HAP1,HAP2,HAP1,HAP2,HAP1,HAP1,HAP1
IRGC120978_9,IRGC120978,HAP1,HAP1,HAP1,HAP1,HAP2,HAP1,HAP1,HAP1
IRGC120972_6,IRGC120972,HAP1,HAP1,HAP1,HAP1,HAP2,HAP1,HAP1,HAP1
IRGC121046_4,IRGC121046,HAP1,HAP1,HAP2,HAP2,HAP2,HAP1,HAP1,HAP1
IRGC121201_6,IRGC121201,HAP1,HAP1,HAP1,HAP1,HAP2,HAP1,HAP2,HAP1
IRGC121076_5,IRGC121076,HAP1,HAP1,HAP2,HAP1,HAP2,HAP1,HAP1,HAP1
IRGC121411_7,IRGC121411,HAP1,HAP1,HAP1,HAP1,HAP2,HAP1,HAP1,HAP1
IRGC120999_3,IRGC120999,HAP1,HAP1,HAP1,HAP1,HAP2,HAP1,HAP1,HAP1
IRGC121608_5,IRGC121608,HAP1,HAP1,HAP2,HAP1,HAP2,HAP1,HAP1,HAP1
IRGC117598_4,IRGC117598,HAP1,HAP1,HAP1,HAP1,HAP2,HAP1,HAP1,HAP1
IRGC121220_3,IRGC121220,HAP1,HAP1,HAP1,HAP1,HAP2,HAP1,HAP1,HAP1
IRGC120999_7,IRGC120999,HAP1,HAP1,HAP1,HAP1,HAP2,HAP1,HAP1,HAP1
IRGC117429_10,IRGC117429,HAP1,HAP1,HAP1,HAP1,HAP2,HAP1,HAP1,HAP1
IRGC121152_1,IRGC121152,HAP1,HAP1,HAP1,HAP1,HAP2,HAP1,HAP1,HAP1
IRGC121753_10,IRGC121753,HAP1,HAP1,HAP1,HAP1,HAP2,HAP1,HAP1,HAP1
IRGC117545_6,IRGC117545,HAP1,HAP1,HAP1,HAP1,HAP2,HAP1,HAP1,HAP1
IRGC121277_9,IRGC121277,HAP1,HAP1,HAP1,HAP1,HAP2,HAP1,HAP2,HAP1
IRGC121759_3,IRGC121759,HAP1,HAP1,HAP1,HAP1,HAP2,HAP1,HAP1,HAP1
IRGC120971_6,IRGC120971,HAP1,HAP1,HAP1,HAP1,HAP2,HAP1,HAP1,HAP1
IRGC121858_6,IRGC121858,HAP1,HAP1,HAP2,HAP1,HAP2,HAP1,HAP1,HAP1
IRGC121201_1,IRGC121201,HAP1,HAP1,HAP1,HAP1,HAP2,HAP1,HAP2,HAP1
IRGC121099_4,IRGC121099,HAP1,HAP1,HAP1,HAP1,HAP2,HAP1,HAP1,HAP1
IRGC121078_10,IRGC121078,HAP1,HAP1,HAP1,HAP1,HAP2,HAP1,HAP1,HAP1
IRGC121528_10,IRGC121528,HAP1,HAP1,HAP1,HAP1,HAP2,HAP1,HAP2,HAP1
IRGC121756_7,IRGC121756,HAP1,HAP1,HAP1,HAP1,HAP2,HAP1,HAP1,HAP1
IRGC121156_9,IRGC121156,HAP1,HAP1,HAP2,HAP1,HAP2,HAP1,HAP2,HAP1
IRGC121617_9,IRGC121617,HAP1,HAP1,HAP1,HAP1,HAP2,HAP1,HAP1,HAP1
IRGC120978_6,IRGC120978,HAP1,HAP1,HAP1,HAP1,HAP2,HAP1,HAP1,HAP1
IRGC121759_4,IRGC121759,HAP1,HAP1,HAP1,HAP1,HAP2,HAP1,HAP1,HAP1
IRGC120935_6,IRGC120935,HAP1,HAP1,HAP1,HAP1,HAP2,HAP1,HAP1,HAP1
IRGC121826_1,IRGC121826,HAP1,HAP1,HAP1,HAP1,HAP2,HAP1,HAP2,HAP1
IRGC121152_7,IRGC121152,HAP1,HAP1,HAP1,HAP1,HAP2,HAP1,HAP1,HAP1
IRGC120978_8,IRGC120978,HAP1,HAP1,HAP1,HAP1,HAP2,HAP1,HAP1,HAP1
IRGC121827_10,IRGC121827,HAP1,HAP1,HAP2,HAP1,HAP2,HAP1,HAP2,HAP1
IRGC120999_8,IRGC120999,HAP1,HAP1,HAP1,HAP1,HAP2,HAP1,HAP1,HAP1
IRGC121605_2,IRGC121605,HAP1,HAP1,HAP1,HAP1,HAP2,HAP1,HAP1,HAP1
IRGC120972_2,IRGC120972,HAP1,HAP1,HAP1,HAP1,HAP2,HAP1,HAP1,HAP1
IRGC121099_10,IRGC121099,HAP1,HAP1,HAP1,HAP1,HAP2,HAP1,HAP1,HAP1
IRGC121884_7,IRGC121884,HAP1,HAP1,HAP1,HAP1,HAP2,HAP1,HAP1,HAP1
IRGC121007_1,IRGC121007,HAP1,HAP1,HAP1,HAP1,HAP2,HAP1,HAP1,HAP1
IRGC121621_3,IRGC121621,HAP1,HAP1,HAP2,HAP1,HAP2,HAP1,HAP1,HAP1
IRGC121611_1,IRGC121611,HAP1,HAP1,HAP2,HAP1,HAP2,HAP1,HAP2,HAP1
IRGC121528_3,IRGC121528,HAP1,HAP1,HAP1,HAP1,HAP2,HAP1,HAP2,HAP1
IRGC121071_5,IRGC121071,HAP1,HAP1,HAP1,HAP1,HAP2,HAP1,HAP1,HAP1
IRGC121411_9,IRGC121411,HAP1,HAP1,HAP1,HAP1,HAP2,HAP1,HAP1,HAP1
IRGC121076_6,IRGC121076,HAP1,HAP1,HAP2,HAP1,HAP2,HAP1,HAP1,HAP1
IRGC121826_9,IRGC121826,HAP1,HAP1,HAP1,HAP1,HAP2,HAP1,HAP2,HAP1
IRGC120977_5,IRGC120977,HAP1,HAP1,HAP2,HAP1,HAP2,HAP1,HAP1,HAP1
IRGC121826_6,IRGC121826,HAP1,HAP1,HAP1,HAP1,HAP2,HAP1,HAP2,HAP1
IRGC121001_1,IRGC121001,HAP1,HAP1,HAP2,HAP1,HAP2,HAP1,HAP2,HAP1
IRGC120974_4,IRGC120974,HAP1,HAP1,HAP1,HAP1,HAP2,HAP1,HAP1,HAP1
IRGC121060_6,IRGC121060,HAP1,HAP1,HAP1,HAP1,HAP2,HAP1,HAP1,HAP1
IRGC121858_9,IRGC121858,HAP1,HAP1,HAP2,HAP1,HAP2,HAP1,HAP1,HAP1
IRGC117545_9,IRGC117545,HAP1,HAP1,HAP1,HAP1,HAP2,HAP1,HAP1,HAP1
IRGC121046_7,IRGC121046,HAP1,HAP1,HAP2,HAP2,HAP2,HAP1,HAP1,HAP1
IRGC120984_1,IRGC120984,HAP1,HAP1,HAP1,HAP1,HAP2,HAP1,HAP1,HAP1
IRGC121826_4,IRGC121826,HAP1,HAP1,HAP1,HAP1,HAP2,HAP1,HAP2,HAP1
IRGC121071_3,IRGC121071,HAP1,HAP1,HAP1,HAP1,HAP2,HAP1,HAP1,HAP1
IRGC121608_6,IRGC121608,HAP1,HAP1,HAP2,HAP1,HAP2,HAP1,HAP1,HAP1
IRGC121771_3,IRGC121771,HAP1,HAP1,HAP1,HAP1,HAP2,HAP1,HAP1,HAP1
IRGC121453_1,IRGC121453,HAP1,HAP1,HAP1,HAP1,HAP2,HAP1,HAP1,HAP1
IRGC121046_2,IRGC121046,HAP1,HAP1,HAP2,HAP2,HAP2,HAP1,HAP1,HAP1
IRGC121617_2,IRGC121617,HAP1,HAP1,HAP1,HAP1,HAP2,HAP1,HAP1,HAP1
IRGC121588_3,IRGC121588,HAP1,HAP1,HAP1,HAP1,HAP2,HAP1,HAP2,HAP1
IRGC121756_6,IRGC121756,HAP1,HAP1,HAP1,HAP1,HAP2,HAP1,HAP1,HAP1
IRGC121046_5,IRGC121046,HAP1,HAP1,HAP2,HAP2,HAP2,HAP1,HAP1,HAP1
IRGC120977_10,IRGC120977,HAP1,HAP1,HAP2,HAP1,HAP2,HAP1,HAP1,HAP1
IRGC121324_5,IRGC121324,HAP1,HAP1,HAP1,HAP1,HAP2,HAP1,HAP1,HAP1
IRGC121756_1,IRGC121756,HAP1,HAP1,HAP1,HAP1,HAP2,HAP1,HAP1,HAP1
IRGC121076_9,IRGC121076,HAP1,HAP1,HAP2,HAP1,HAP2,HAP1,HAP1,HAP1
IRGC121220_8,IRGC121220,HAP1,HAP1,HAP1,HAP1,HAP2,HAP1,HAP1,HAP1
IRGC121760_1,IRGC121760,HAP1,HAP1,HAP1,HAP1,HAP2,HAP1,HAP2,HAP1
IRGC121611_4,IRGC121611,HAP1,HAP1,HAP2,HAP1,HAP2,HAP1,HAP2,HAP1
IRGC121748_2,IRGC121748,HAP1,HAP1,HAP2,HAP1,HAP2,HAP1,HAP1,HAP1
IRGC121001_5,IRGC121001,HAP1,HAP1,HAP2,HAP1,HAP2,HAP1,HAP2,HAP1
IRGC120972_10,IRGC120972,HAP1,HAP1,HAP1,HAP1,HAP2,HAP1,HAP1,HAP1
IRGC120972_9,IRGC120972,HAP1,HAP1,HAP1,HAP1,HAP2,HAP1,HAP1,HAP1
IRGC121528_6,IRGC121528,HAP1,HAP1,HAP1,HAP1,HAP2,HAP1,HAP2,HAP1
IRGC121071_10,IRGC121071,HAP1,HAP1,HAP1,HAP1,HAP2,HAP1,HAP1,HAP1
IRGC121753_7,IRGC121753,HAP1,HAP1,HAP1,HAP1,HAP2,HAP1,HAP1,HAP1
IRGC121608_2,IRGC121608,HAP1,HAP1,HAP2,HAP1,HAP2,HAP1,HAP1,HAP1
IRGC121220_9,IRGC121220,HAP1,HAP1,HAP1,HAP1,HAP2,HAP1,HAP1,HAP1
IRGC121152_4,IRGC121152,HAP1,HAP1,HAP1,HAP1,HAP2,HAP1,HAP1,HAP1
IRGC120971_7,IRGC120971,HAP1,HAP1,HAP1,HAP1,HAP2,HAP1,HAP1,HAP1
IRGC121078_4,IRGC121078,HAP1,HAP1,HAP1,HAP1,HAP2,HAP1,HAP1,HAP1
IRGC121099_5,IRGC121099,HAP1,HAP1,HAP1,HAP1,HAP2,HAP1,HAP1,HAP1
IRGC120974_1,IRGC120974,HAP1,HAP1,HAP1,HAP1,HAP2,HAP1,HAP1,HAP1
IRGC121832_1,IRGC121832,HAP1,HAP1,HAP1,HAP1,HAP2,HAP1,HAP1,HAP1
IRGC121055_10,IRGC121055,HAP1,HAP1,HAP1,HAP1,HAP2,HAP1,HAP2,HAP1
IRGC121453_9,IRGC121453,HAP1,HAP1,HAP1,HAP1,HAP2,HAP1,HAP1,HAP1
IRGC121158_5,IRGC121158,HAP1,HAP1,HAP1,HAP1,HAP2,HAP1,HAP1,HAP1
IRGC121621_6,IRGC121621,HAP1,HAP1,HAP2,HAP1,HAP2,HAP1,HAP1,HAP1
IRGC120974_10,IRGC120974,HAP1,HAP1,HAP1,HAP1,HAP2,HAP1,HAP1,HAP1
IRGC121197_3,IRGC121197,HAP1,HAP1,HAP1,HAP1,HAP2,HAP1,HAP1,HAP1
IRGC121156_6,IRGC121156,HAP1,HAP1,HAP2,HAP1,HAP2,HAP1,HAP2,HAP1
IRGC120974_9,IRGC120974,HAP1,HAP1,HAP1,HAP1,HAP2,HAP1,HAP1,HAP1
IRGC121826_7,IRGC121826,HAP1,HAP1,HAP1,HAP1,HAP2,HAP1,HAP2,HAP1
IRGC120984_9,IRGC120984,HAP1,HAP1,HAP1,HAP1,HAP2,HAP1,HAP1,HAP1
IRGC121858_4,IRGC121858,HAP1,HAP1,HAP2,HAP1,HAP2,HAP1,HAP1,HAP1
IRGC121060_7,IRGC121060,HAP1,HAP1,HAP1,HAP1,HAP2,HAP1,HAP1,HAP1
IRGC117545_1,IRGC117545,HAP1,HAP1,HAP1,HAP1,HAP2,HAP1,HAP1,HAP1
IRGC121411_1,IRGC121411,HAP1,HAP1,HAP1,HAP1,HAP2,HAP1,HAP1,HAP1
IRGC120999_1,IRGC120999,HAP1,HAP1,HAP1,HAP1,HAP2,HAP1,HAP1,HAP1
IRGC121771_4,IRGC121771,HAP1,HAP1,HAP1,HAP1,HAP2,HAP1,HAP1,HAP1
IRGC121156_8,IRGC121156,HAP1,HAP1,HAP2,HAP1,HAP2,HAP1,HAP2,HAP1
IRGC120999_9,IRGC120999,HAP1,HAP1,HAP1,HAP1,HAP2,HAP1,HAP1,HAP1
IRGC117598_7,IRGC117598,HAP1,HAP1,HAP1,HAP1,HAP2,HAP1,HAP1,HAP1
IRGC117545_4,IRGC117545,HAP1,HAP1,HAP1,HAP1,HAP2,HAP1,HAP1,HAP1
IRGC121832_2,IRGC121832,HAP1,HAP1,HAP1,HAP1,HAP2,HAP1,HAP1,HAP1
IRGC121826_5,IRGC121826,HAP1,HAP1,HAP1,HAP1,HAP2,HAP1,HAP2,HAP1
IRGC121007_2,IRGC121007,HAP1,HAP1,HAP1,HAP1,HAP2,HAP1,HAP1,HAP1
IRGC121007_9,IRGC121007,HAP1,HAP1,HAP1,HAP1,HAP2,HAP1,HAP1,HAP1
IRGC121060_5,IRGC121060,HAP1,HAP1,HAP1,HAP1,HAP2,HAP1,HAP1,HAP1
IRGC121588_5,IRGC121588,HAP1,HAP1,HAP1,HAP1,HAP2,HAP1,HAP2,HAP1
IRGC121099_1,IRGC121099,HAP1,HAP1,HAP1,HAP1,HAP2,HAP1,HAP1,HAP1
IRGC121158_6,IRGC121158,HAP1,HAP1,HAP1,HAP1,HAP2,HAP1,HAP1,HAP1
IRGC121277_1,IRGC121277,HAP1,HAP1,HAP1,HAP1,HAP2,HAP1,HAP2,HAP1
IRGC121605_4,IRGC121605,HAP1,HAP1,HAP1,HAP1,HAP2,HAP1,HAP1,HAP1
IRGC121099_3,IRGC121099,HAP1,HAP1,HAP1,HAP1,HAP2,HAP1,HAP1,HAP1
IRGC120978_1,IRGC120978,HAP1,HAP1,HAP1,HAP1,HAP2,HAP1,HAP1,HAP1
IRGC121759_1,IRGC121759,HAP1,HAP1,HAP1,HAP1,HAP2,HAP1,HAP1,HAP1
IRGC121411_5,IRGC121411,HAP1,HAP1,HAP1,HAP1,HAP2,HAP1,HAP1,HAP1
IRGC120972_5,IRGC120972,HAP1,HAP1,HAP1,HAP1,HAP2,HAP1,HAP1,HAP1
IRGC120976_2,IRGC120976,HAP1,HAP1,HAP1,HAP1,HAP2,HAP1,HAP2,HAP1
IRGC117545_7,IRGC117545,HAP1,HAP1,HAP1,HAP1,HAP2,HAP1,HAP1,HAP1
IRGC121884_6,IRGC121884,HAP1,HAP1,HAP1,HAP1,HAP2,HAP1,HAP1,HAP1
IRGC121528_7,IRGC121528,HAP1,HAP1,HAP1,HAP1,HAP2,HAP1,HAP2,HAP1
IRGC121760_6,IRGC121760,HAP1,HAP1,HAP1,HAP1,HAP2,HAP1,HAP2,HAP1
IRGC117598_1,IRGC117598,HAP1,HAP1,HAP1,HAP1,HAP2,HAP1,HAP1,HAP1
IRGC121636_7,IRGC121636,HAP1,HAP1,HAP1,HAP1,HAP2,HAP1,HAP1,HAP1
IRGC121826_2,IRGC121826,HAP1,HAP1,HAP1,HAP1,HAP2,HAP1,HAP2,HAP1
IRGC120984_5,IRGC120984,HAP1,HAP1,HAP1,HAP1,HAP2,HAP1,HAP1,HAP1
IRGC121621_4,IRGC121621,HAP1,HAP1,HAP2,HAP1,HAP2,HAP1,HAP1,HAP1
IRGC121849_7,IRGC121849,HAP1,HAP1,HAP2,HAP1,HAP2,HAP1,HAP1,HAP1
IRGC121060_2,IRGC121060,HAP1,HAP1,HAP1,HAP1,HAP2,HAP1,HAP1,HAP1
IRGC121884_8,IRGC121884,HAP1,HAP1,HAP1,HAP1,HAP2,HAP1,HAP1,HAP1
IRGC121007_3,IRGC121007,HAP1,HAP1,HAP1,HAP1,HAP2,HAP1,HAP1,HAP1
IRGC121608_7,IRGC121608,HAP1,HAP1,HAP2,HAP1,HAP2,HAP1,HAP1,HAP1
IRGC120999_5,IRGC120999,HAP1,HAP1,HAP1,HAP1,HAP2,HAP1,HAP1,HAP1
IRGC121608_4,IRGC121608,HAP1,HAP1,HAP2,HAP1,HAP2,HAP1,HAP1,HAP1
IRGC120972_3,IRGC120972,HAP1,HAP1,HAP1,HAP1,HAP2,HAP1,HAP1,HAP1
IRGC120972_4,IRGC120972,HAP1,HAP1,HAP1,HAP1,HAP2,HAP1,HAP1,HAP1
IRGC121753_1,IRGC121753,HAP1,HAP1,HAP1,HAP1,HAP2,HAP1,HAP1,HAP1
IRGC121588_4,IRGC121588,HAP1,HAP1,HAP1,HAP1,HAP2,HAP1,HAP2,HAP1
IRGC121001_9,IRGC121001,HAP1,HAP1,HAP2,HAP1,HAP2,HAP1,HAP2,HAP1
IRGC121060_9,IRGC121060,HAP1,HAP1,HAP1,HAP1,HAP2,HAP1,HAP1,HAP1
IRGC121832_9,IRGC121832,HAP1,HAP1,HAP1,HAP1,HAP2,HAP1,HAP1,HAP1
IRGC121197_6,IRGC121197,HAP1,HAP1,HAP1,HAP1,HAP2,HAP1,HAP1,HAP1
IRGC120984_7,IRGC120984,HAP1,HAP1,HAP1,HAP1,HAP2,HAP1,HAP1,HAP1
IRGC120984_3,IRGC120984,HAP1,HAP1,HAP1,HAP1,HAP2,HAP1,HAP1,HAP1
IRGC121277_5,IRGC121277,HAP1,HAP1,HAP1,HAP1,HAP2,HAP1,HAP2,HAP1
IRGC121748_8,IRGC121748,HAP1,HAP1,HAP2,HAP1,HAP2,HAP1,HAP1,HAP1
IRGC121099_2,IRGC121099,HAP1,HAP1,HAP1,HAP1,HAP2,HAP1,HAP1,HAP1
IRGC121827_3,IRGC121827,HAP1,HAP1,HAP2,HAP1,HAP2,HAP1,HAP2,HAP1
IRGC121007_10,IRGC121007,HAP1,HAP1,HAP1,HAP1,HAP2,HAP1,HAP1,HAP1
IRGC121636_4,IRGC121636,HAP1,HAP1,HAP1,HAP1,HAP2,HAP1,HAP1,HAP1
IRGC121046_1,IRGC121046,HAP1,HAP1,HAP2,HAP2,HAP2,HAP1,HAP1,HAP1
IRGC121611_9,IRGC121611,HAP1,HAP1,HAP2,HAP1,HAP2,HAP1,HAP2,HAP1
IRGC121756_8,IRGC121756,HAP1,HAP1,HAP1,HAP1,HAP2,HAP1,HAP1,HAP1
IRGC121759_7,IRGC121759,HAP1,HAP1,HAP1,HAP1,HAP2,HAP1,HAP1,HAP1
IRGC121760_9,IRGC121760,HAP1,HAP1,HAP1,HAP1,HAP2,HAP1,HAP2,HAP1
IRGC121884_9,IRGC121884,HAP1,HAP1,HAP1,HAP1,HAP2,HAP1,HAP1,HAP1
IRGC121078_6,IRGC121078,HAP1,HAP1,HAP1,HAP1,HAP2,HAP1,HAP1,HAP1
IRGC121753_3,IRGC121753,HAP1,HAP1,HAP1,HAP1,HAP2,HAP1,HAP1,HAP1
IRGC121078_3,IRGC121078,HAP1,HAP1,HAP1,HAP1,HAP2,HAP1,HAP1,HAP1
IRGC121201_2,IRGC121201,HAP1,HAP1,HAP1,HAP1,HAP2,HAP1,HAP2,HAP1
IRGC121850_3,IRGC121850,HAP1,HAP1,HAP2,HAP1,HAP2,HAP1,HAP1,HAP1
IRGC120971_4,IRGC120971,HAP1,HAP1,HAP1,HAP1,HAP2,HAP1,HAP1,HAP1
IRGC121158_8,IRGC121158,HAP1,HAP1,HAP1,HAP1,HAP2,HAP1,HAP1,HAP1
IRGC121071_2,IRGC121071,HAP1,HAP1,HAP1,HAP1,HAP2,HAP1,HAP1,HAP1
IRGC121055_2,IRGC121055,HAP1,HAP1,HAP1,HAP1,HAP2,HAP1,HAP2,HAP1
IRGC121826_8,IRGC121826,HAP1,HAP1,HAP1,HAP1,HAP2,HAP1,HAP2,HAP1
IRGC121001_4,IRGC121001,HAP1,HAP1,HAP2,HAP1,HAP2,HAP1,HAP2,HAP1
IRGC121621_2,IRGC121621,HAP1,HAP1,HAP2,HAP1,HAP2,HAP1,HAP1,HAP1
IRGC121850_6,IRGC121850,HAP1,HAP1,HAP2,HAP1,HAP2,HAP1,HAP1,HAP1
IRGC121078_1,IRGC121078,HAP1,HAP1,HAP1,HAP1,HAP2,HAP1,HAP1,HAP1
IRGC121453_7,IRGC121453,HAP1,HAP1,HAP1,HAP1,HAP2,HAP1,HAP1,HAP1
IRGC121748_5,IRGC121748,HAP1,HAP1,HAP2,HAP1,HAP2,HAP1,HAP1,HAP1
IRGC121753_4,IRGC121753,HAP1,HAP1,HAP1,HAP1,HAP2,HAP1,HAP1,HAP1
IRGC121850_9,IRGC121850,HAP1,HAP1,HAP2,HAP1,HAP2,HAP1,HAP1,HAP1
IRGC121001_3,IRGC121001,HAP1,HAP1,HAP2,HAP1,HAP2,HAP1,HAP2,HAP1
IRGC121756_4,IRGC121756,HAP1,HAP1,HAP1,HAP1,HAP2,HAP1,HAP1,HAP1
IRGC120971_3,IRGC120971,HAP1,HAP1,HAP1,HAP1,HAP2,HAP1,HAP1,HAP1
IRGC121748_6,IRGC121748,HAP1,HAP1,HAP2,HAP1,HAP2,HAP1,HAP1,HAP1
IRGC120978_10,IRGC120978,HAP1,HAP1,HAP1,HAP1,HAP2,HAP1,HAP1,HAP1
IRGC121605_8,IRGC121605,HAP1,HAP1,HAP1,HAP1,HAP2,HAP1,HAP1,HAP1
IRGC121220_4,IRGC121220,HAP1,HAP1,HAP1,HAP1,HAP2,HAP1,HAP1,HAP1
IRGC120977_1,IRGC120977,HAP1,HAP1,HAP2,HAP1,HAP2,HAP1,HAP1,HAP1
IRGC121753_2,IRGC121753,HAP1,HAP1,HAP1,HAP1,HAP2,HAP1,HAP1,HAP1
IRGC121759_10,IRGC121759,HAP1,HAP1,HAP1,HAP1,HAP2,HAP1,HAP1,HAP1
IRGC121849_1,IRGC121849,HAP1,HAP1,HAP2,HAP1,HAP2,HAP1,HAP1,HAP1
IRGC121277_10,IRGC121277,HAP1,HAP1,HAP1,HAP1,HAP2,HAP1,HAP2,HAP1
IRGC121611_8,IRGC121611,HAP1,HAP1,HAP2,HAP1,HAP2,HAP1,HAP2,HAP1
IRGC121636_3,IRGC121636,HAP1,HAP1,HAP1,HAP1,HAP2,HAP1,HAP1,HAP1
IRGC121060_10,IRGC121060,HAP1,HAP1,HAP1,HAP1,HAP2,HAP1,HAP1,HAP1
IRGC121453_4,IRGC121453,HAP1,HAP1,HAP1,HAP1,HAP2,HAP1,HAP1,HAP1
IRGC117598_5,IRGC117598,HAP1,HAP1,HAP1,HAP1,HAP2,HAP1,HAP1,HAP1
IRGC121055_8,IRGC121055,HAP1,HAP1,HAP1,HAP1,HAP2,HAP1,HAP2,HAP1
IRGC121197_2,IRGC121197,HAP1,HAP1,HAP1,HAP1,HAP2,HAP1,HAP1,HAP1
IRGC120976_8,IRGC120976,HAP1,HAP1,HAP1,HAP1,HAP2,HAP1,HAP2,HAP1
IRGC120984_10,IRGC120984,HAP1,HAP1,HAP1,HAP1,HAP2,HAP1,HAP1,HAP1
IRGC121605_10,IRGC121605,HAP1,HAP1,HAP1,HAP1,HAP2,HAP1,HAP1,HAP1
IRGC121850_8,IRGC121850,HAP1,HAP1,HAP2,HAP1,HAP2,HAP1,HAP1,HAP1
IRGC121636_9,IRGC121636,HAP1,HAP1,HAP1,HAP1,HAP2,HAP1,HAP1,HAP1
IRGC121849_3,IRGC121849,HAP1,HAP1,HAP2,HAP1,HAP2,HAP1,HAP1,HAP1
IRGC121621_1,IRGC121621,HAP1,HAP1,HAP2,HAP1,HAP2,HAP1,HAP1,HAP1
IRGC121046_6,IRGC121046,HAP1,HAP1,HAP2,HAP2,HAP2,HAP1,HAP1,HAP1
IRGC121078_2,IRGC121078,HAP1,HAP1,HAP1,HAP1,HAP2,HAP1,HAP1,HAP1
IRGC121748_7,IRGC121748,HAP1,HAP1,HAP2,HAP1,HAP2,HAP1,HAP1,HAP1
IRGC121201_7,IRGC121201,HAP1,HAP1,HAP1,HAP1,HAP2,HAP1,HAP2,HAP1
IRGC121850_5,IRGC121850,HAP1,HAP1,HAP2,HAP1,HAP2,HAP1,HAP1,HAP1
IRGC121411_10,IRGC121411,HAP1,HAP1,HAP1,HAP1,HAP2,HAP1,HAP1,HAP1
IRGC120971_2,IRGC120971,HAP1,HAP1,HAP1,HAP1,HAP2,HAP1,HAP1,HAP1
IRGC117598_10,IRGC117598,HAP1,HAP1,HAP1,HAP1,HAP2,HAP1,HAP1,HAP1
IRGC121611_6,IRGC121611,HAP1,HAP1,HAP2,HAP1,HAP2,HAP1,HAP2,HAP1
IRGC121220_6,IRGC121220,HAP1,HAP1,HAP1,HAP1,HAP2,HAP1,HAP1,HAP1
IRGC121588_9,IRGC121588,HAP1,HAP1,HAP1,HAP1,HAP2,HAP1,HAP2,HAP1
IRGC121076_8,IRGC121076,HAP1,HAP1,HAP2,HAP1,HAP2,HAP1,HAP1,HAP1
IRGC121832_4,IRGC121832,HAP1,HAP1,HAP1,HAP1,HAP2,HAP1,HAP1,HAP1
IRGC120976_10,IRGC120976,HAP1,HAP1,HAP1,HAP1,HAP2,HAP1,HAP2,HAP1
IRGC121771_6,IRGC121771,HAP1,HAP1,HAP1,HAP1,HAP2,HAP1,HAP1,HAP1
IRGC120974_5,IRGC120974,HAP1,HAP1,HAP1,HAP1,HAP2,HAP1,HAP1,HAP1
IRGC121621_7,IRGC121621,HAP1,HAP1,HAP2,HAP1,HAP2,HAP1,HAP1,HAP1
IRGC121324_4,IRGC121324,HAP1,HAP1,HAP1,HAP1,HAP2,HAP1,HAP1,HAP1
IRGC121621_10,IRGC121621,HAP1,HAP1,HAP2,HAP1,HAP2,HAP1,HAP1,HAP1
IRGC121099_6,IRGC121099,HAP1,HAP1,HAP1,HAP1,HAP2,HAP1,HAP1,HAP1
IRGC121152_9,IRGC121152,HAP1,HAP1,HAP1,HAP1,HAP2,HAP1,HAP1,HAP1
IRGC121076_3,IRGC121076,HAP1,HAP1,HAP2,HAP1,HAP2,HAP1,HAP1,HAP1
IRGC121636_8,IRGC121636,HAP1,HAP1,HAP1,HAP1,HAP2,HAP1,HAP1,HAP1
IRGC121617_1,IRGC121617,HAP1,HAP1,HAP1,HAP1,HAP2,HAP1,HAP1,HAP1
IRGC121411_6,IRGC121411,HAP1,HAP1,HAP1,HAP1,HAP2,HAP1,HAP1,HAP1
IRGC120974_8,IRGC120974,HAP1,HAP1,HAP1,HAP1,HAP2,HAP1,HAP1,HAP1
IRGC117545_5,IRGC117545,HAP1,HAP1,HAP1,HAP1,HAP2,HAP1,HAP1,HAP1
IRGC121756_3,IRGC121756,HAP1,HAP1,HAP1,HAP1,HAP2,HAP1,HAP1,HAP1
IRGC117545_2,IRGC117545,HAP1,HAP1,HAP1,HAP1,HAP2,HAP1,HAP1,HAP1
IRGC120976_5,IRGC120976,HAP1,HAP1,HAP1,HAP1,HAP2,HAP1,HAP2,HAP1
IRGC121753_5,IRGC121753,HAP1,HAP1,HAP1,HAP1,HAP2,HAP1,HAP1,HAP1
IRGC121324_1,IRGC121324,HAP1,HAP1,HAP1,HAP1,HAP2,HAP1,HAP1,HAP1
IRGC121158_10,IRGC121158,HAP1,HAP1,HAP1,HAP1,HAP2,HAP1,HAP1,HAP1
IRGC121858_8,IRGC121858,HAP1,HAP1,HAP2,HAP1,HAP2,HAP1,HAP1,HAP1
IRGC121611_7,IRGC121611,HAP1,HAP1,HAP2,HAP1,HAP2,HAP1,HAP2,HAP1
IRGC120977_2,IRGC120977,HAP1,HAP1,HAP2,HAP1,HAP2,HAP1,HAP1,HAP1
IRGC121832_6,IRGC121832,HAP1,HAP1,HAP1,HAP1,HAP2,HAP1,HAP1,HAP1
IRGC121832_5,IRGC121832,HAP1,HAP1,HAP1,HAP1,HAP2,HAP1,HAP1,HAP1
IRGC121850_10,IRGC121850,HAP1,HAP1,HAP2,HAP1,HAP2,HAP1,HAP1,HAP1
IRGC121197_8,IRGC121197,HAP1,HAP1,HAP1,HAP1,HAP2,HAP1,HAP1,HAP1
IRGC121001_6,IRGC121001,HAP1,HAP1,HAP2,HAP1,HAP2,HAP1,HAP2,HAP1
IRGC121827_9,IRGC121827,HAP1,HAP1,HAP2,HAP1,HAP2,HAP1,HAP2,HAP1
IRGC121076_1,IRGC121076,HAP1,HAP1,HAP2,HAP1,HAP2,HAP1,HAP1,HAP1
IRGC121220_2,IRGC121220,HAP1,HAP1,HAP1,HAP1,HAP2,HAP1,HAP1,HAP1
IRGC121858_5,IRGC121858,HAP1,HAP1,HAP2,HAP1,HAP2,HAP1,HAP1,HAP1
IRGC121884_5,IRGC121884,HAP1,HAP1,HAP1,HAP1,HAP2,HAP1,HAP1,HAP1
IRGC121636_5,IRGC121636,HAP1,HAP1,HAP1,HAP1,HAP2,HAP1,HAP1,HAP1
IRGC117598_8,IRGC117598,HAP1,HAP1,HAP1,HAP1,HAP2,HAP1,HAP1,HAP1
IRGC121734_3,IRGC121734,HAP2,HAP2,HAP1,HAP2,HAP1,HAP2,HAP1,HAP2
IRGC121600_2,IRGC121600,HAP2,HAP2,HAP1,HAP2,HAP1,HAP2,HAP2,HAP2
IRGC121859_6,IRGC121859,HAP2,HAP2,HAP1,HAP2,HAP1,HAP2,HAP2,HAP2
IRGC121292_1,IRGC121292,HAP2,HAP2,HAP1,HAP2,HAP1,HAP2,HAP2,HAP2
IRGC121699_3,IRGC121699,HAP2,HAP2,HAP1,HAP1,HAP1,HAP2,HAP1,HAP2
IRGC121697_9,IRGC121697,HAP2,HAP2,HAP1,HAP2,HAP1,HAP2,HAP1,HAP2
IRGC121859_1,IRGC121859,HAP2,HAP2,HAP1,HAP2,HAP1,HAP2,HAP2,HAP2
IRGC121859_4,IRGC121859,HAP2,HAP2,HAP1,HAP2,HAP1,HAP2,HAP2,HAP2
IRGC121805_7,IRGC121805,HAP2,HAP2,HAP1,HAP2,HAP1,HAP2,HAP2,HAP2
IRGC121809_4,IRGC121809,HAP2,HAP2,HAP1,HAP2,HAP1,HAP1,HAP1,HAP2
IRGC121809_3,IRGC121809,HAP2,HAP2,HAP1,HAP2,HAP1,HAP1,HAP1,HAP2
IRGC121278_2,IRGC121278,HAP2,HAP2,HAP1,HAP1,HAP1,HAP1,HAP2,HAP2
IRGC121368_8,IRGC121368,HAP2,HAP2,HAP1,HAP2,HAP1,HAP1,HAP1,HAP2
IRGC121293_4,IRGC121293,HAP2,HAP2,HAP1,HAP2,HAP1,HAP2,HAP2,HAP2
IRGC121293_8,IRGC121293,HAP2,HAP2,HAP1,HAP2,HAP1,HAP2,HAP2,HAP2
IRGC121755_10,IRGC121755,HAP2,HAP2,HAP1,HAP2,HAP1,HAP2,HAP2,HAP2
IRGC121699_8,IRGC121699,HAP2,HAP2,HAP1,HAP1,HAP1,HAP2,HAP1,HAP2
IRGC121193_8,IRGC121193,HAP2,HAP2,HAP1,HAP2,HAP1,HAP2,HAP2,HAP2
IRGC121805_3,IRGC121805,HAP2,HAP2,HAP1,HAP2,HAP1,HAP2,HAP2,HAP2
IRGC121600_9,IRGC121600,HAP2,HAP2,HAP1,HAP2,HAP1,HAP2,HAP2,HAP2
IRGC121193_7,IRGC121193,HAP2,HAP2,HAP1,HAP2,HAP1,HAP2,HAP2,HAP2
IRGC121600_6,IRGC121600,HAP2,HAP2,HAP1,HAP2,HAP1,HAP2,HAP2,HAP2
IRGC121859_8,IRGC121859,HAP2,HAP2,HAP1,HAP2,HAP1,HAP2,HAP2,HAP2
IRGC121859_9,IRGC121859,HAP2,HAP2,HAP1,HAP2,HAP1,HAP2,HAP2,HAP2
IRGC121368_10,IRGC121368,HAP2,HAP2,HAP1,HAP2,HAP1,HAP1,HAP1,HAP2
IRGC121646_3,IRGC121646,HAP2,HAP2,HAP1,HAP2,HAP1,HAP2,HAP2,HAP2
IRGC121600_3,IRGC121600,HAP2,HAP2,HAP1,HAP2,HAP1,HAP2,HAP2,HAP2
IRGC121646_2,IRGC121646,HAP2,HAP2,HAP1,HAP2,HAP1,HAP2,HAP2,HAP2
IRGC121697_3,IRGC121697,HAP2,HAP2,HAP1,HAP2,HAP1,HAP2,HAP1,HAP2
IRGC121293_5,IRGC121293,HAP2,HAP2,HAP1,HAP2,HAP1,HAP2,HAP2,HAP2
IRGC121193_1,IRGC121193,HAP2,HAP2,HAP1,HAP2,HAP1,HAP2,HAP2,HAP2
IRGC121755_5,IRGC121755,HAP2,HAP2,HAP1,HAP2,HAP1,HAP2,HAP2,HAP2
IRGC121697_8,IRGC121697,HAP2,HAP2,HAP1,HAP2,HAP1,HAP2,HAP1,HAP2
IRGC121734_1,IRGC121734,HAP2,HAP2,HAP1,HAP2,HAP1,HAP2,HAP1,HAP2
IRGC121293_2,IRGC121293,HAP2,HAP2,HAP1,HAP2,HAP1,HAP2,HAP2,HAP2
IRGC121755_8,IRGC121755,HAP2,HAP2,HAP1,HAP2,HAP1,HAP2,HAP2,HAP2
IRGC121646_8,IRGC121646,HAP2,HAP2,HAP1,HAP2,HAP1,HAP2,HAP2,HAP2
IRGC121293_6,IRGC121293,HAP2,HAP2,HAP1,HAP2,HAP1,HAP2,HAP2,HAP2
IRGC121732_3,IRGC121732,HAP2,HAP2,HAP1,HAP2,HAP1,HAP2,HAP1,HAP2
IRGC121292_4,IRGC121292,HAP2,HAP2,HAP1,HAP2,HAP1,HAP2,HAP2,HAP2
IRGC121524_7,IRGC121524,HAP2,HAP2,HAP1,HAP2,HAP1,HAP2,HAP1,HAP2
IRGC121694_9,IRGC121694,HAP2,HAP2,HAP1,HAP2,HAP1,HAP2,HAP2,HAP2
IRGC121734_2,IRGC121734,HAP2,HAP2,HAP1,HAP2,HAP1,HAP2,HAP1,HAP2
IRGC121699_1,IRGC121699,HAP2,HAP2,HAP1,HAP1,HAP1,HAP2,HAP1,HAP2
IRGC121755_4,IRGC121755,HAP2,HAP2,HAP1,HAP2,HAP1,HAP2,HAP2,HAP2
IRGC121734_9,IRGC121734,HAP2,HAP2,HAP1,HAP2,HAP1,HAP2,HAP1,HAP2
IRGC121859_10,IRGC121859,HAP2,HAP2,HAP1,HAP2,HAP1,HAP2,HAP2,HAP2
IRGC121524_4,IRGC121524,HAP2,HAP2,HAP1,HAP2,HAP1,HAP2,HAP1,HAP2
IRGC121732_5,IRGC121732,HAP2,HAP2,HAP1,HAP2,HAP1,HAP2,HAP1,HAP2
IRGC121755_2,IRGC121755,HAP2,HAP2,HAP1,HAP2,HAP1,HAP2,HAP2,HAP2
IRGC121368_6,IRGC121368,HAP2,HAP2,HAP1,HAP2,HAP1,HAP1,HAP1,HAP2
IRGC121646_10,IRGC121646,HAP2,HAP2,HAP1,HAP2,HAP1,HAP2,HAP2,HAP2
IRGC121732_9,IRGC121732,HAP2,HAP2,HAP1,HAP2,HAP1,HAP2,HAP1,HAP2
IRGC121646_4,IRGC121646,HAP2,HAP2,HAP1,HAP2,HAP1,HAP2,HAP2,HAP2
IRGC121292_7,IRGC121292,HAP2,HAP2,HAP1,HAP2,HAP1,HAP2,HAP2,HAP2
IRGC121697_6,IRGC121697,HAP2,HAP2,HAP1,HAP2,HAP1,HAP2,HAP1,HAP2
IRGC121805_9,IRGC121805,HAP2,HAP2,HAP1,HAP2,HAP1,HAP2,HAP2,HAP2
IRGC121805_2,IRGC121805,HAP2,HAP2,HAP1,HAP2,HAP1,HAP2,HAP2,HAP2
IRGC121732_2,IRGC121732,HAP2,HAP2,HAP1,HAP2,HAP1,HAP2,HAP1,HAP2
IRGC121524_3,IRGC121524,HAP2,HAP2,HAP1,HAP2,HAP1,HAP2,HAP1,HAP2
IRGC121859_7,IRGC121859,HAP2,HAP2,HAP1,HAP2,HAP1,HAP2,HAP2,HAP2
IRGC121694_4,IRGC121694,HAP2,HAP2,HAP1,HAP2,HAP1,HAP2,HAP2,HAP2
IRGC121368_5,IRGC121368,HAP2,HAP2,HAP1,HAP2,HAP1,HAP1,HAP1,HAP2
IRGC121293_1,IRGC121293,HAP2,HAP2,HAP1,HAP2,HAP1,HAP2,HAP2,HAP2
IRGC121368_4,IRGC121368,HAP2,HAP2,HAP1,HAP2,HAP1,HAP1,HAP1,HAP2
IRGC121292_5,IRGC121292,HAP2,HAP2,HAP1,HAP2,HAP1,HAP2,HAP2,HAP2
IRGC121193_9,IRGC121193,HAP2,HAP2,HAP1,HAP2,HAP1,HAP2,HAP2,HAP2
IRGC121363_2,IRGC121363,HAP2,HAP2,HAP1,HAP2,HAP1,HAP2,HAP2,HAP2
IRGC121293_10,IRGC121293,HAP2,HAP2,HAP1,HAP2,HAP1,HAP2,HAP2,HAP2
IRGC121368_7,IRGC121368,HAP2,HAP2,HAP1,HAP2,HAP1,HAP1,HAP1,HAP2
IRGC121278_3,IRGC121278,HAP2,HAP2,HAP1,HAP1,HAP1,HAP1,HAP2,HAP2
IRGC121859_2,IRGC121859,HAP2,HAP2,HAP1,HAP2,HAP1,HAP2,HAP2,HAP2
IRGC121734_8,IRGC121734,HAP2,HAP2,HAP1,HAP2,HAP1,HAP2,HAP1,HAP2
IRGC121755_7,IRGC121755,HAP2,HAP2,HAP1,HAP2,HAP1,HAP2,HAP2,HAP2
IRGC121859_3,IRGC121859,HAP2,HAP2,HAP1,HAP2,HAP1,HAP2,HAP2,HAP2
IRGC121755_9,IRGC121755,HAP2,HAP2,HAP1,HAP2,HAP1,HAP2,HAP2,HAP2
IRGC121805_10,IRGC121805,HAP2,HAP2,HAP1,HAP2,HAP1,HAP2,HAP2,HAP2
IRGC121809_5,IRGC121809,HAP2,HAP2,HAP1,HAP2,HAP1,HAP1,HAP1,HAP2
IRGC121761_4,IRGC121761,HAP2,HAP2,HAP1,HAP2,HAP1,HAP2,HAP1,HAP2
IRGC121694_10,IRGC121694,HAP2,HAP2,HAP1,HAP2,HAP1,HAP2,HAP2,HAP2
IRGC121697_2,IRGC121697,HAP2,HAP2,HAP1,HAP2,HAP1,HAP2,HAP1,HAP2
IRGC121524_1,IRGC121524,HAP2,HAP2,HAP1,HAP2,HAP1,HAP2,HAP1,HAP2
IRGC121755_1,IRGC121755,HAP2,HAP2,HAP1,HAP2,HAP1,HAP2,HAP2,HAP2
IRGC121732_10,IRGC121732,HAP2,HAP2,HAP1,HAP2,HAP1,HAP2,HAP1,HAP2
IRGC121278_5,IRGC121278,HAP2,HAP2,HAP1,HAP1,HAP1,HAP1,HAP2,HAP2
IRGC121732_7,IRGC121732,HAP2,HAP2,HAP1,HAP2,HAP1,HAP2,HAP1,HAP2
IRGC121524_2,IRGC121524,HAP2,HAP2,HAP1,HAP2,HAP1,HAP2,HAP1,HAP2
IRGC121278_7,IRGC121278,HAP2,HAP2,HAP1,HAP1,HAP1,HAP1,HAP2,HAP2
IRGC121600_1,IRGC121600,HAP2,HAP2,HAP1,HAP2,HAP1,HAP2,HAP2,HAP2
IRGC121734_5,IRGC121734,HAP2,HAP2,HAP1,HAP2,HAP1,HAP2,HAP1,HAP2
IRGC121646_7,IRGC121646,HAP2,HAP2,HAP1,HAP2,HAP1,HAP2,HAP2,HAP2
IRGC121646_1,IRGC121646,HAP2,HAP2,HAP1,HAP2,HAP1,HAP2,HAP2,HAP2
IRGC121755_6,IRGC121755,HAP2,HAP2,HAP1,HAP2,HAP1,HAP2,HAP2,HAP2
IRGC121363_4,IRGC121363,HAP2,HAP2,HAP1,HAP2,HAP1,HAP2,HAP2,HAP2
IRGC121363_9,IRGC121363,HAP2,HAP2,HAP1,HAP2,HAP1,HAP2,HAP2,HAP2
IRGC121755_3,IRGC121755,HAP2,HAP2,HAP1,HAP2,HAP1,HAP2,HAP2,HAP2
IRGC121809_2,IRGC121809,HAP2,HAP2,HAP1,HAP2,HAP1,HAP1,HAP1,HAP2
IRGC121193_10,IRGC121193,HAP2,HAP2,HAP1,HAP2,HAP1,HAP2,HAP2,HAP2
IRGC121193_3,IRGC121193,HAP2,HAP2,HAP1,HAP2,HAP1,HAP2,HAP2,HAP2
IRGC121292_6,IRGC121292,HAP2,HAP2,HAP1,HAP2,HAP1,HAP2,HAP2,HAP2
IRGC121761_7,IRGC121761,HAP2,HAP2,HAP1,HAP2,HAP1,HAP2,HAP1,HAP2
IRGC121699_9,IRGC121699,HAP2,HAP2,HAP1,HAP1,HAP1,HAP2,HAP1,HAP2
IRGC121732_8,IRGC121732,HAP2,HAP2,HAP1,HAP2,HAP1,HAP2,HAP1,HAP2
IRGC121694_7,IRGC121694,HAP2,HAP2,HAP1,HAP2,HAP1,HAP2,HAP2,HAP2
IRGC121363_1,IRGC121363,HAP2,HAP2,HAP1,HAP2,HAP1,HAP2,HAP2,HAP2
IRGC121368_1,IRGC121368,HAP2,HAP2,HAP1,HAP2,HAP1,HAP1,HAP1,HAP2
IRGC121292_10,IRGC121292,HAP2,HAP2,HAP1,HAP2,HAP1,HAP2,HAP2,HAP2
IRGC121732_1,IRGC121732,HAP2,HAP2,HAP1,HAP2,HAP1,HAP2,HAP1,HAP2
IRGC121524_6,IRGC121524,HAP2,HAP2,HAP1,HAP2,HAP1,HAP2,HAP1,HAP2
IRGC121292_2,IRGC121292,HAP2,HAP2,HAP1,HAP2,HAP1,HAP2,HAP2,HAP2
IRGC121646_5,IRGC121646,HAP2,HAP2,HAP1,HAP2,HAP1,HAP2,HAP2,HAP2
IRGC121805_4,IRGC121805,HAP2,HAP2,HAP1,HAP2,HAP1,HAP2,HAP2,HAP2
IRGC121734_4,IRGC121734,HAP2,HAP2,HAP1,HAP2,HAP1,HAP2,HAP1,HAP2
IRGC121694_6,IRGC121694,HAP2,HAP2,HAP1,HAP2,HAP1,HAP2,HAP2,HAP2
IRGC121761_10,IRGC121761,HAP2,HAP2,HAP1,HAP2,HAP1,HAP2,HAP1,HAP2
IRGC121761_8,IRGC121761,HAP2,HAP2,HAP1,HAP2,HAP1,HAP2,HAP1,HAP2
IRGC121524_9,IRGC121524,HAP2,HAP2,HAP1,HAP2,HAP1,HAP2,HAP1,HAP2
IRGC121278_6,IRGC121278,HAP2,HAP2,HAP1,HAP1,HAP1,HAP1,HAP2,HAP2
IRGC121694_5,IRGC121694,HAP2,HAP2,HAP1,HAP2,HAP1,HAP2,HAP2,HAP2
IRGC121292_9,IRGC121292,HAP2,HAP2,HAP1,HAP2,HAP1,HAP2,HAP2,HAP2
IRGC121809_7,IRGC121809,HAP2,HAP2,HAP1,HAP2,HAP1,HAP1,HAP1,HAP2
IRGC121761_6,IRGC121761,HAP2,HAP2,HAP1,HAP2,HAP1,HAP2,HAP1,HAP2
IRGC121732_4,IRGC121732,HAP2,HAP2,HAP1,HAP2,HAP1,HAP2,HAP1,HAP2
IRGC121363_5,IRGC121363,HAP2,HAP2,HAP1,HAP2,HAP1,HAP2,HAP2,HAP2
IRGC121859_5,IRGC121859,HAP2,HAP2,HAP1,HAP2,HAP1,HAP2,HAP2,HAP2
IRGC121600_8,IRGC121600,HAP2,HAP2,HAP1,HAP2,HAP1,HAP2,HAP2,HAP2
IRGC121293_7,IRGC121293,HAP2,HAP2,HAP1,HAP2,HAP1,HAP2,HAP2,HAP2
IRGC121278_1,IRGC121278,HAP2,HAP2,HAP1,HAP1,HAP1,HAP1,HAP2,HAP2
IRGC121363_8,IRGC121363,HAP2,HAP2,HAP1,HAP2,HAP1,HAP2,HAP2,HAP2
IRGC121193_4,IRGC121193,HAP2,HAP2,HAP1,HAP2,HAP1,HAP2,HAP2,HAP2
IRGC121805_8,IRGC121805,HAP2,HAP2,HAP1,HAP2,HAP1,HAP2,HAP2,HAP2
IRGC121805_1,IRGC121805,HAP2,HAP2,HAP1,HAP2,HAP1,HAP2,HAP2,HAP2
IRGC121761_1,IRGC121761,HAP2,HAP2,HAP1,HAP2,HAP1,HAP2,HAP1,HAP2
IRGC121699_10,IRGC121699,HAP2,HAP2,HAP1,HAP1,HAP1,HAP2,HAP1,HAP2
IRGC121694_2,IRGC121694,HAP2,HAP2,HAP1,HAP2,HAP1,HAP2,HAP2,HAP2
IRGC121761_2,IRGC121761,HAP2,HAP2,HAP1,HAP2,HAP1,HAP2,HAP1,HAP2
IRGC121193_2,IRGC121193,HAP2,HAP2,HAP1,HAP2,HAP1,HAP2,HAP2,HAP2
IRGC121278_4,IRGC121278,HAP2,HAP2,HAP1,HAP1,HAP1,HAP1,HAP2,HAP2
IRGC121278_8,IRGC121278,HAP2,HAP2,HAP1,HAP1,HAP1,HAP1,HAP2,HAP2
IRGC121734_10,IRGC121734,HAP2,HAP2,HAP1,HAP2,HAP1,HAP2,HAP1,HAP2
IRGC121805_6,IRGC121805,HAP2,HAP2,HAP1,HAP2,HAP1,HAP2,HAP2,HAP2
IRGC121809_1,IRGC121809,HAP2,HAP2,HAP1,HAP2,HAP1,HAP1,HAP1,HAP2
IRGC121809_9,IRGC121809,HAP2,HAP2,HAP1,HAP2,HAP1,HAP1,HAP1,HAP2
IRGC121699_6,IRGC121699,HAP2,HAP2,HAP1,HAP1,HAP1,HAP2,HAP1,HAP2
IRGC121734_6,IRGC121734,HAP2,HAP2,HAP1,HAP2,HAP1,HAP2,HAP1,HAP2
IRGC121697_1,IRGC121697,HAP2,HAP2,HAP1,HAP2,HAP1,HAP2,HAP1,HAP2
IRGC121278_10,IRGC121278,HAP2,HAP2,HAP1,HAP1,HAP1,HAP1,HAP2,HAP2
IRGC121697_7,IRGC121697,HAP2,HAP2,HAP1,HAP2,HAP1,HAP2,HAP1,HAP2
IRGC121368_2,IRGC121368,HAP2,HAP2,HAP1,HAP2,HAP1,HAP1,HAP1,HAP2
IRGC121734_7,IRGC121734,HAP2,HAP2,HAP1,HAP2,HAP1,HAP2,HAP1,HAP2
IRGC121363_7,IRGC121363,HAP2,HAP2,HAP1,HAP2,HAP1,HAP2,HAP2,HAP2
IRGC121292_3,IRGC121292,HAP2,HAP2,HAP1,HAP2,HAP1,HAP2,HAP2,HAP2
IRGC121524_5,IRGC121524,HAP2,HAP2,HAP1,HAP2,HAP1,HAP2,HAP1,HAP2
IRGC121697_5,IRGC121697,HAP2,HAP2,HAP1,HAP2,HAP1,HAP2,HAP1,HAP2
IRGC121524_10,IRGC121524,HAP2,HAP2,HAP1,HAP2,HAP1,HAP2,HAP1,HAP2
IRGC121694_3,IRGC121694,HAP2,HAP2,HAP1,HAP2,HAP1,HAP2,HAP2,HAP2
IRGC121278_9,IRGC121278,HAP2,HAP2,HAP1,HAP1,HAP1,HAP1,HAP2,HAP2
IRGC121363_6,IRGC121363,HAP2,HAP2,HAP1,HAP2,HAP1,HAP2,HAP2,HAP2
IRGC121193_5,IRGC121193,HAP2,HAP2,HAP1,HAP2,HAP1,HAP2,HAP2,HAP2
IRGC121697_4,IRGC121697,HAP2,HAP2,HAP1,HAP2,HAP1,HAP2,HAP1,HAP2
IRGC121368_3,IRGC121368,HAP2,HAP2,HAP1,HAP2,HAP1,HAP1,HAP1,HAP2
IRGC121292_8,IRGC121292,HAP2,HAP2,HAP1,HAP2,HAP1,HAP2,HAP2,HAP2
IRGC121699_5,IRGC121699,HAP2,HAP2,HAP1,HAP1,HAP1,HAP2,HAP1,HAP2
IRGC121699_7,IRGC121699,HAP2,HAP2,HAP1,HAP1,HAP1,HAP2,HAP1,HAP2
IRGC121600_10,IRGC121600,HAP2,HAP2,HAP1,HAP2,HAP1,HAP2,HAP2,HAP2
IRGC121193_6,IRGC121193,HAP2,HAP2,HAP1,HAP2,HAP1,HAP2,HAP2,HAP2
IRGC121524_8,IRGC121524,HAP2,HAP2,HAP1,HAP2,HAP1,HAP2,HAP1,HAP2
IRGC121694_8,IRGC121694,HAP2,HAP2,HAP1,HAP2,HAP1,HAP2,HAP2,HAP2
IRGC121697_10,IRGC121697,HAP2,HAP2,HAP1,HAP2,HAP1,HAP2,HAP1,HAP2
IRGC121809_8,IRGC121809,HAP2,HAP2,HAP1,HAP2,HAP1,HAP1,HAP1,HAP2
IRGC121293_9,IRGC121293,HAP2,HAP2,HAP1,HAP2,HAP1,HAP2,HAP2,HAP2
IRGC121600_7,IRGC121600,HAP2,HAP2,HAP1,HAP2,HAP1,HAP2,HAP2,HAP2
IRGC121363_3,IRGC121363,HAP2,HAP2,HAP1,HAP2,HAP1,HAP2,HAP2,HAP2
IRGC121761_5,IRGC121761,HAP2,HAP2,HAP1,HAP2,HAP1,HAP2,HAP1,HAP2
IRGC121761_9,IRGC121761,HAP2,HAP2,HAP1,HAP2,HAP1,HAP2,HAP1,HAP2
IRGC121646_9,IRGC121646,HAP2,HAP2,HAP1,HAP2,HAP1,HAP2,HAP2,HAP2
IRGC121805_5,IRGC121805,HAP2,HAP2,HAP1,HAP2,HAP1,HAP2,HAP2,HAP2
IRGC121646_6,IRGC121646,HAP2,HAP2,HAP1,HAP2,HAP1,HAP2,HAP2,HAP2
IRGC121363_10,IRGC121363,HAP2,HAP2,HAP1,HAP2,HAP1,HAP2,HAP2,HAP2
IRGC121600_4,IRGC121600,HAP2,HAP2,HAP1,HAP2,HAP1,HAP2,HAP2,HAP2
IRGC121809_6,IRGC121809,HAP2,HAP2,HAP1,HAP2,HAP1,HAP1,HAP1,HAP2
IRGC121699_2,IRGC121699,HAP2,HAP2,HAP1,HAP1,HAP1,HAP2,HAP1,HAP2
IRGC121293_3,IRGC121293,HAP2,HAP2,HAP1,HAP2,HAP1,HAP2,HAP2,HAP2
IRGC121694_1,IRGC121694,HAP2,HAP2,HAP1,HAP2,HAP1,HAP2,HAP2,HAP2
IRGC121809_10,IRGC121809,HAP2,HAP2,HAP1,HAP2,HAP1,HAP1,HAP1,HAP2
IRGC121600_5,IRGC121600,HAP2,HAP2,HAP1,HAP2,HAP1,HAP2,HAP2,HAP2
IRGC121732_6,IRGC121732,HAP2,HAP2,HAP1,HAP2,HAP1,HAP2,HAP1,HAP2
IRGC121368_9,IRGC121368,HAP2,HAP2,HAP1,HAP2,HAP1,HAP1,HAP1,HAP2
IRGC121699_4,IRGC121699,HAP2,HAP2,HAP1,HAP1,HAP1,HAP2,HAP1,HAP2
IRGC121761_3,IRGC121761,HAP2,HAP2,HAP1,HAP2,HAP1,HAP2,HAP1,HAP2
IRGC121782_3,IRGC121782,HAP2,HAP1,HAP1,HAP2,HAP1,HAP2,HAP2,HAP2
IRGC121782_4,IRGC121782,HAP2,HAP1,HAP1,HAP2,HAP1,HAP2,HAP2,HAP2
IRGC120961_4,IRGC120961,HAP2,HAP1,HAP2,HAP1,HAP1,HAP2,HAP1,HAP2
IRGC121782_6,IRGC121782,HAP2,HAP1,HAP1,HAP2,HAP1,HAP2,HAP2,HAP2
IRGC120961_3,IRGC120961,HAP2,HAP1,HAP2,HAP1,HAP1,HAP2,HAP1,HAP2
IRGC120961_7,IRGC120961,HAP2,HAP1,HAP2,HAP1,HAP1,HAP2,HAP1,HAP2
IRGC121782_9,IRGC121782,HAP2,HAP1,HAP1,HAP2,HAP1,HAP2,HAP2,HAP2
IRGC121782_5,IRGC121782,HAP2,HAP1,HAP1,HAP2,HAP1,HAP2,HAP2,HAP2
IRGC120961_2,IRGC120961,HAP2,HAP1,HAP2,HAP1,HAP1,HAP2,HAP1,HAP2
IRGC120961_1,IRGC120961,HAP2,HAP1,HAP2,HAP1,HAP1,HAP2,HAP1,HAP2
IRGC121782_2,IRGC121782,HAP2,HAP1,HAP1,HAP2,HAP1,HAP2,HAP2,HAP2
IRGC120961_9,IRGC120961,HAP2,HAP1,HAP2,HAP1,HAP1,HAP2,HAP1,HAP2
IRGC120961_5,IRGC120961,HAP2,HAP1,HAP2,HAP1,HAP1,HAP2,HAP1,HAP2
IRGC121085_7,IRGC121085,HAP2,HAP1,HAP1,HAP1,HAP1,HAP1,HAP2,HAP2
IRGC121354_4,IRGC121354,HAP2,HAP1,HAP1,HAP1,HAP1,HAP2,HAP2,HAP2
IRGC121354_3,IRGC121354,HAP2,HAP1,HAP1,HAP1,HAP1,HAP2,HAP2,HAP2
IRGC121872_3,IRGC121872,HAP2,HAP1,HAP2,HAP1,HAP1,HAP1,HAP1,HAP2
IRGC121291_8,IRGC121291,HAP2,HAP1,HAP1,HAP1,HAP1,HAP2,HAP1,HAP2
IRGC121380_7,IRGC121380,HAP2,HAP1,HAP1,HAP1,HAP1,HAP2,HAP1,HAP2
IRGC121085_2,IRGC121085,HAP2,HAP1,HAP1,HAP1,HAP1,HAP1,HAP2,HAP2
IRGC121735_4,IRGC121735,HAP2,HAP1,HAP2,HAP2,HAP1,HAP1,HAP1,HAP2
IRGC121781_4,IRGC121781,HAP2,HAP1,HAP1,HAP1,HAP1,HAP1,HAP2,HAP2
IRGC121782_10,IRGC121782,HAP2,HAP1,HAP1,HAP2,HAP1,HAP2,HAP2,HAP2
IRGC121782_7,IRGC121782,HAP2,HAP1,HAP1,HAP2,HAP1,HAP2,HAP2,HAP2
IRGC120961_6,IRGC120961,HAP2,HAP1,HAP2,HAP1,HAP1,HAP2,HAP1,HAP2
IRGC121213_10,IRGC121213,HAP2,HAP1,HAP1,HAP1,HAP1,HAP2,HAP2,HAP2
IRGC121781_5,IRGC121781,HAP2,HAP1,HAP1,HAP1,HAP1,HAP1,HAP2,HAP2
IRGC121334_6,IRGC121334,HAP2,HAP1,HAP1,HAP1,HAP1,HAP1,HAP2,HAP2
IRGC121085_5,IRGC121085,HAP2,HAP1,HAP1,HAP1,HAP1,HAP1,HAP2,HAP2
IRGC121554_8,IRGC121554,HAP2,HAP1,HAP1,HAP1,HAP1,HAP2,HAP2,HAP2
IRGC121781_8,IRGC121781,HAP2,HAP1,HAP1,HAP1,HAP1,HAP1,HAP2,HAP2
IRGC121213_1,IRGC121213,HAP2,HAP1,HAP1,HAP1,HAP1,HAP2,HAP2,HAP2
IRGC121380_8,IRGC121380,HAP2,HAP1,HAP1,HAP1,HAP1,HAP2,HAP1,HAP2
IRGC121880_9,IRGC121880,HAP2,HAP1,HAP1,HAP1,HAP1,HAP1,HAP1,HAP2
IRGC121880_3,IRGC121880,HAP2,HAP1,HAP1,HAP1,HAP1,HAP1,HAP1,HAP2
IRGC121872_6,IRGC121872,HAP2,HAP1,HAP2,HAP1,HAP1,HAP1,HAP1,HAP2
IRGC121782_8,IRGC121782,HAP2,HAP1,HAP1,HAP2,HAP1,HAP2,HAP2,HAP2
IRGC121334_8,IRGC121334,HAP2,HAP1,HAP1,HAP1,HAP1,HAP1,HAP2,HAP2
IRGC121267_5,IRGC121267,HAP2,HAP1,HAP1,HAP1,HAP1,HAP2,HAP2,HAP2
IRGC121735_9,IRGC121735,HAP2,HAP1,HAP2,HAP2,HAP1,HAP1,HAP1,HAP2
IRGC121615_4,IRGC121615,HAP2,HAP1,HAP1,HAP1,HAP1,HAP1,HAP1,HAP2
IRGC121781_9,IRGC121781,HAP2,HAP1,HAP1,HAP1,HAP1,HAP1,HAP2,HAP2
IRGC121354_7,IRGC121354,HAP2,HAP1,HAP1,HAP1,HAP1,HAP2,HAP2,HAP2
IRGC121548_3,IRGC121548,HAP2,HAP1,HAP1,HAP1,HAP1,HAP2,HAP1,HAP2
IRGC120961_10,IRGC120961,HAP2,HAP1,HAP2,HAP1,HAP1,HAP2,HAP1,HAP2
IRGC121872_8,IRGC121872,HAP2,HAP1,HAP2,HAP1,HAP1,HAP1,HAP1,HAP2
IRGC121267_6,IRGC121267,HAP2,HAP1,HAP1,HAP1,HAP1,HAP2,HAP2,HAP2
IRGC121554_7,IRGC121554,HAP2,HAP1,HAP1,HAP1,HAP1,HAP2,HAP2,HAP2
IRGC121380_3,IRGC121380,HAP2,HAP1,HAP1,HAP1,HAP1,HAP2,HAP1,HAP2
IRGC121781_2,IRGC121781,HAP2,HAP1,HAP1,HAP1,HAP1,HAP1,HAP2,HAP2
IRGC121554_2,IRGC121554,HAP2,HAP1,HAP1,HAP1,HAP1,HAP2,HAP2,HAP2
IRGC121334_9,IRGC121334,HAP2,HAP1,HAP1,HAP1,HAP1,HAP1,HAP2,HAP2
IRGC121291_4,IRGC121291,HAP2,HAP1,HAP1,HAP1,HAP1,HAP2,HAP1,HAP2
IRGC120961_8,IRGC120961,HAP2,HAP1,HAP2,HAP1,HAP1,HAP2,HAP1,HAP2
IRGC121497_5,IRGC121497,HAP2,HAP1,HAP1,HAP1,HAP1,HAP2,HAP2,HAP2
IRGC121497_4,IRGC121497,HAP2,HAP1,HAP1,HAP1,HAP1,HAP2,HAP2,HAP2
IRGC121267_4,IRGC121267,HAP2,HAP1,HAP1,HAP1,HAP1,HAP2,HAP2,HAP2
IRGC121615_6,IRGC121615,HAP2,HAP1,HAP1,HAP1,HAP1,HAP1,HAP1,HAP2
IRGC121334_3,IRGC121334,HAP2,HAP1,HAP1,HAP1,HAP1,HAP1,HAP2,HAP2
IRGC121380_9,IRGC121380,HAP2,HAP1,HAP1,HAP1,HAP1,HAP2,HAP1,HAP2
IRGC121380_10,IRGC121380,HAP2,HAP1,HAP1,HAP1,HAP1,HAP2,HAP1,HAP2
IRGC121872_10,IRGC121872,HAP2,HAP1,HAP2,HAP1,HAP1,HAP1,HAP1,HAP2
IRGC121354_5,IRGC121354,HAP2,HAP1,HAP1,HAP1,HAP1,HAP2,HAP2,HAP2
IRGC121880_1,IRGC121880,HAP2,HAP1,HAP1,HAP1,HAP1,HAP1,HAP1,HAP2
IRGC121267_1,IRGC121267,HAP2,HAP1,HAP1,HAP1,HAP1,HAP2,HAP2,HAP2
IRGC121291_1,IRGC121291,HAP2,HAP1,HAP1,HAP1,HAP1,HAP2,HAP1,HAP2
IRGC121497_2,IRGC121497,HAP2,HAP1,HAP1,HAP1,HAP1,HAP2,HAP2,HAP2
IRGC121213_3,IRGC121213,HAP2,HAP1,HAP1,HAP1,HAP1,HAP2,HAP2,HAP2
IRGC121548_9,IRGC121548,HAP2,HAP1,HAP1,HAP1,HAP1,HAP2,HAP1,HAP2
IRGC121838_5,IRGC121838,HAP2,HAP1,HAP1,HAP2,HAP1,HAP2,HAP2,HAP2
IRGC121838_6,IRGC121838,HAP2,HAP1,HAP1,HAP2,HAP1,HAP2,HAP2,HAP2
IRGC121548_5,IRGC121548,HAP2,HAP1,HAP1,HAP1,HAP1,HAP2,HAP1,HAP2
IRGC121291_5,IRGC121291,HAP2,HAP1,HAP1,HAP1,HAP1,HAP2,HAP1,HAP2
IRGC121872_9,IRGC121872,HAP2,HAP1,HAP2,HAP1,HAP1,HAP1,HAP1,HAP2
IRGC121354_8,IRGC121354,HAP2,HAP1,HAP1,HAP1,HAP1,HAP2,HAP2,HAP2
IRGC121085_1,IRGC121085,HAP2,HAP1,HAP1,HAP1,HAP1,HAP1,HAP2,HAP2
IRGC121354_1,IRGC121354,HAP2,HAP1,HAP1,HAP1,HAP1,HAP2,HAP2,HAP2
IRGC121380_1,IRGC121380,HAP2,HAP1,HAP1,HAP1,HAP1,HAP2,HAP1,HAP2
IRGC121291_7,IRGC121291,HAP2,HAP1,HAP1,HAP1,HAP1,HAP2,HAP1,HAP2
IRGC121213_7,IRGC121213,HAP2,HAP1,HAP1,HAP1,HAP1,HAP2,HAP2,HAP2
IRGC121548_10,IRGC121548,HAP2,HAP1,HAP1,HAP1,HAP1,HAP2,HAP1,HAP2
IRGC121554_6,IRGC121554,HAP2,HAP1,HAP1,HAP1,HAP1,HAP2,HAP2,HAP2
IRGC121872_2,IRGC121872,HAP2,HAP1,HAP2,HAP1,HAP1,HAP1,HAP1,HAP2
IRGC121085_4,IRGC121085,HAP2,HAP1,HAP1,HAP1,HAP1,HAP1,HAP2,HAP2
IRGC121872_7,IRGC121872,HAP2,HAP1,HAP2,HAP1,HAP1,HAP1,HAP1,HAP2
IRGC121880_2,IRGC121880,HAP2,HAP1,HAP1,HAP1,HAP1,HAP1,HAP1,HAP2
IRGC121880_4,IRGC121880,HAP2,HAP1,HAP1,HAP1,HAP1,HAP1,HAP1,HAP2
IRGC121735_7,IRGC121735,HAP2,HAP1,HAP2,HAP2,HAP1,HAP1,HAP1,HAP2
IRGC121548_8,IRGC121548,HAP2,HAP1,HAP1,HAP1,HAP1,HAP2,HAP1,HAP2
IRGC121497_6,IRGC121497,HAP2,HAP1,HAP1,HAP1,HAP1,HAP2,HAP2,HAP2
IRGC121497_10,IRGC121497,HAP2,HAP1,HAP1,HAP1,HAP1,HAP2,HAP2,HAP2
IRGC121615_5,IRGC121615,HAP2,HAP1,HAP1,HAP1,HAP1,HAP1,HAP1,HAP2
IRGC121615_7,IRGC121615,HAP2,HAP1,HAP1,HAP1,HAP1,HAP1,HAP1,HAP2
IRGC121880_8,IRGC121880,HAP2,HAP1,HAP1,HAP1,HAP1,HAP1,HAP1,HAP2
IRGC121880_5,IRGC121880,HAP2,HAP1,HAP1,HAP1,HAP1,HAP1,HAP1,HAP2
IRGC121782_1,IRGC121782,HAP2,HAP1,HAP1,HAP2,HAP1,HAP2,HAP2,HAP2
IRGC121213_2,IRGC121213,HAP2,HAP1,HAP1,HAP1,HAP1,HAP2,HAP2,HAP2
IRGC121085_10,IRGC121085,HAP2,HAP1,HAP1,HAP1,HAP1,HAP1,HAP2,HAP2
IRGC121267_3,IRGC121267,HAP2,HAP1,HAP1,HAP1,HAP1,HAP2,HAP2,HAP2
IRGC121291_10,IRGC121291,HAP2,HAP1,HAP1,HAP1,HAP1,HAP2,HAP1,HAP2
IRGC121085_6,IRGC121085,HAP2,HAP1,HAP1,HAP1,HAP1,HAP1,HAP2,HAP2
IRGC121213_8,IRGC121213,HAP2,HAP1,HAP1,HAP1,HAP1,HAP2,HAP2,HAP2
IRGC121497_3,IRGC121497,HAP2,HAP1,HAP1,HAP1,HAP1,HAP2,HAP2,HAP2
IRGC121548_6,IRGC121548,HAP2,HAP1,HAP1,HAP1,HAP1,HAP2,HAP1,HAP2
IRGC121554_1,IRGC121554,HAP2,HAP1,HAP1,HAP1,HAP1,HAP2,HAP2,HAP2
IRGC121380_6,IRGC121380,HAP2,HAP1,HAP1,HAP1,HAP1,HAP2,HAP1,HAP2
IRGC121354_6,IRGC121354,HAP2,HAP1,HAP1,HAP1,HAP1,HAP2,HAP2,HAP2
IRGC121334_1,IRGC121334,HAP2,HAP1,HAP1,HAP1,HAP1,HAP1,HAP2,HAP2
IRGC121615_1,IRGC121615,HAP2,HAP1,HAP1,HAP1,HAP1,HAP1,HAP1,HAP2
IRGC121838_10,IRGC121838,HAP2,HAP1,HAP1,HAP2,HAP1,HAP2,HAP2,HAP2
IRGC121213_9,IRGC121213,HAP2,HAP1,HAP1,HAP1,HAP1,HAP2,HAP2,HAP2
IRGC121380_2,IRGC121380,HAP2,HAP1,HAP1,HAP1,HAP1,HAP2,HAP1,HAP2
IRGC121838_3,IRGC121838,HAP2,HAP1,HAP1,HAP2,HAP1,HAP2,HAP2,HAP2
IRGC121735_5,IRGC121735,HAP2,HAP1,HAP2,HAP2,HAP1,HAP1,HAP1,HAP2
IRGC121085_9,IRGC121085,HAP2,HAP1,HAP1,HAP1,HAP1,HAP1,HAP2,HAP2
IRGC121872_4,IRGC121872,HAP2,HAP1,HAP2,HAP1,HAP1,HAP1,HAP1,HAP2
IRGC121554_10,IRGC121554,HAP2,HAP1,HAP1,HAP1,HAP1,HAP2,HAP2,HAP2
IRGC121213_5,IRGC121213,HAP2,HAP1,HAP1,HAP1,HAP1,HAP2,HAP2,HAP2
IRGC121781_3,IRGC121781,HAP2,HAP1,HAP1,HAP1,HAP1,HAP1,HAP2,HAP2
IRGC121354_2,IRGC121354,HAP2,HAP1,HAP1,HAP1,HAP1,HAP2,HAP2,HAP2
IRGC121334_7,IRGC121334,HAP2,HAP1,HAP1,HAP1,HAP1,HAP1,HAP2,HAP2
IRGC121548_7,IRGC121548,HAP2,HAP1,HAP1,HAP1,HAP1,HAP2,HAP1,HAP2
IRGC121380_5,IRGC121380,HAP2,HAP1,HAP1,HAP1,HAP1,HAP2,HAP1,HAP2
IRGC121291_9,IRGC121291,HAP2,HAP1,HAP1,HAP1,HAP1,HAP2,HAP1,HAP2
IRGC121267_8,IRGC121267,HAP2,HAP1,HAP1,HAP1,HAP1,HAP2,HAP2,HAP2
IRGC121291_3,IRGC121291,HAP2,HAP1,HAP1,HAP1,HAP1,HAP2,HAP1,HAP2
IRGC121615_9,IRGC121615,HAP2,HAP1,HAP1,HAP1,HAP1,HAP1,HAP1,HAP2
IRGC121497_9,IRGC121497,HAP2,HAP1,HAP1,HAP1,HAP1,HAP2,HAP2,HAP2
IRGC121615_2,IRGC121615,HAP2,HAP1,HAP1,HAP1,HAP1,HAP1,HAP1,HAP2
IRGC121334_2,IRGC121334,HAP2,HAP1,HAP1,HAP1,HAP1,HAP1,HAP2,HAP2
IRGC121497_1,IRGC121497,HAP2,HAP1,HAP1,HAP1,HAP1,HAP2,HAP2,HAP2
IRGC121781_10,IRGC121781,HAP2,HAP1,HAP1,HAP1,HAP1,HAP1,HAP2,HAP2
IRGC121497_8,IRGC121497,HAP2,HAP1,HAP1,HAP1,HAP1,HAP2,HAP2,HAP2
IRGC121735_6,IRGC121735,HAP2,HAP1,HAP2,HAP2,HAP1,HAP1,HAP1,HAP2
IRGC121497_7,IRGC121497,HAP2,HAP1,HAP1,HAP1,HAP1,HAP2,HAP2,HAP2
IRGC121735_3,IRGC121735,HAP2,HAP1,HAP2,HAP2,HAP1,HAP1,HAP1,HAP2
IRGC121291_2,IRGC121291,HAP2,HAP1,HAP1,HAP1,HAP1,HAP2,HAP1,HAP2
IRGC121735_10,IRGC121735,HAP2,HAP1,HAP2,HAP2,HAP1,HAP1,HAP1,HAP2
IRGC121554_9,IRGC121554,HAP2,HAP1,HAP1,HAP1,HAP1,HAP2,HAP2,HAP2
IRGC121880_6,IRGC121880,HAP2,HAP1,HAP1,HAP1,HAP1,HAP1,HAP1,HAP2
IRGC121615_3,IRGC121615,HAP2,HAP1,HAP1,HAP1,HAP1,HAP1,HAP1,HAP2
IRGC121735_8,IRGC121735,HAP2,HAP1,HAP2,HAP2,HAP1,HAP1,HAP1,HAP2
IRGC121838_7,IRGC121838,HAP2,HAP1,HAP1,HAP2,HAP1,HAP2,HAP2,HAP2
IRGC121213_4,IRGC121213,HAP2,HAP1,HAP1,HAP1,HAP1,HAP2,HAP2,HAP2
IRGC121548_2,IRGC121548,HAP2,HAP1,HAP1,HAP1,HAP1,HAP2,HAP1,HAP2
IRGC121291_6,IRGC121291,HAP2,HAP1,HAP1,HAP1,HAP1,HAP2,HAP1,HAP2
IRGC121354_10,IRGC121354,HAP2,HAP1,HAP1,HAP1,HAP1,HAP2,HAP2,HAP2
IRGC121548_4,IRGC121548,HAP2,HAP1,HAP1,HAP1,HAP1,HAP2,HAP1,HAP2
IRGC121872_5,IRGC121872,HAP2,HAP1,HAP2,HAP1,HAP1,HAP1,HAP1,HAP2
IRGC121085_3,IRGC121085,HAP2,HAP1,HAP1,HAP1,HAP1,HAP1,HAP2,HAP2
IRGC121872_1,IRGC121872,HAP2,HAP1,HAP2,HAP1,HAP1,HAP1,HAP1,HAP2
IRGC121781_7,IRGC121781,HAP2,HAP1,HAP1,HAP1,HAP1,HAP1,HAP2,HAP2
IRGC121554_3,IRGC121554,HAP2,HAP1,HAP1,HAP1,HAP1,HAP2,HAP2,HAP2
IRGC121880_10,IRGC121880,HAP2,HAP1,HAP1,HAP1,HAP1,HAP1,HAP1,HAP2
IRGC121548_1,IRGC121548,HAP2,HAP1,HAP1,HAP1,HAP1,HAP2,HAP1,HAP2
IRGC121838_4,IRGC121838,HAP2,HAP1,HAP1,HAP2,HAP1,HAP2,HAP2,HAP2
IRGC121267_9,IRGC121267,HAP2,HAP1,HAP1,HAP1,HAP1,HAP2,HAP2,HAP2
IRGC121615_8,IRGC121615,HAP2,HAP1,HAP1,HAP1,HAP1,HAP1,HAP1,HAP2
IRGC121267_10,IRGC121267,HAP2,HAP1,HAP1,HAP1,HAP1,HAP2,HAP2,HAP2
IRGC121735_2,IRGC121735,HAP2,HAP1,HAP2,HAP2,HAP1,HAP1,HAP1,HAP2
IRGC121615_10,IRGC121615,HAP2,HAP1,HAP1,HAP1,HAP1,HAP1,HAP1,HAP2
IRGC121334_4,IRGC121334,HAP2,HAP1,HAP1,HAP1,HAP1,HAP1,HAP2,HAP2
IRGC121781_1,IRGC121781,HAP2,HAP1,HAP1,HAP1,HAP1,HAP1,HAP2,HAP2
IRGC121554_5,IRGC121554,HAP2,HAP1,HAP1,HAP1,HAP1,HAP2,HAP2,HAP2
IRGC121880_7,IRGC121880,HAP2,HAP1,HAP1,HAP1,HAP1,HAP1,HAP1,HAP2
IRGC121334_10,IRGC121334,HAP2,HAP1,HAP1,HAP1,HAP1,HAP1,HAP2,HAP2
IRGC121838_2,IRGC121838,HAP2,HAP1,HAP1,HAP2,HAP1,HAP2,HAP2,HAP2
IRGC121781_6,IRGC121781,HAP2,HAP1,HAP1,HAP1,HAP1,HAP1,HAP2,HAP2
IRGC121838_8,IRGC121838,HAP2,HAP1,HAP1,HAP2,HAP1,HAP2,HAP2,HAP2
IRGC121267_2,IRGC121267,HAP2,HAP1,HAP1,HAP1,HAP1,HAP2,HAP2,HAP2
IRGC121085_8,IRGC121085,HAP2,HAP1,HAP1,HAP1,HAP1,HAP1,HAP2,HAP2
IRGC121838_9,IRGC121838,HAP2,HAP1,HAP1,HAP2,HAP1,HAP2,HAP2,HAP2
IRGC121380_4,IRGC121380,HAP2,HAP1,HAP1,HAP1,HAP1,HAP2,HAP1,HAP2
IRGC121267_7,IRGC121267,HAP2,HAP1,HAP1,HAP1,HAP1,HAP2,HAP2,HAP2
IRGC121554_4,IRGC121554,HAP2,HAP1,HAP1,HAP1,HAP1,HAP2,HAP2,HAP2
IRGC121735_1,IRGC121735,HAP2,HAP1,HAP2,HAP2,HAP1,HAP1,HAP1,HAP2
IRGC121354_9,IRGC121354,HAP2,HAP1,HAP1,HAP1,HAP1,HAP2,HAP2,HAP2
IRGC121334_5,IRGC121334,HAP2,HAP1,HAP1,HAP1,HAP1,HAP1,HAP2,HAP2
IRGC121838_1,IRGC121838,HAP2,HAP1,HAP1,HAP2,HAP1,HAP2,HAP2,HAP2
IRGC121213_6,IRGC121213,HAP2,HAP1,HAP1,HAP1,HAP1,HAP2,HAP2,HAP2
IRGC121387_4,IRGC121387,HAP1,HAP1,HAP1,HAP1,HAP1,HAP1,HAP1,HAP2
IRGC121387_1,IRGC121387,HAP1,HAP1,HAP1,HAP1,HAP1,HAP1,HAP1,HAP2
IRGC121387_10,IRGC121387,HAP1,HAP1,HAP1,HAP1,HAP1,HAP1,HAP1,HAP2
IRGC121387_5,IRGC121387,HAP1,HAP1,HAP1,HAP1,HAP1,HAP1,HAP1,HAP2
IRGC121387_6,IRGC121387,HAP1,HAP1,HAP1,HAP1,HAP1,HAP1,HAP1,HAP2
IRGC121387_2,IRGC121387,HAP1,HAP1,HAP1,HAP1,HAP1,HAP1,HAP1,HAP2
IRGC121387_7,IRGC121387,HAP1,HAP1,HAP1,HAP1,HAP1,HAP1,HAP1,HAP2
IRGC121387_3,IRGC121387,HAP1,HAP1,HAP1,HAP1,HAP1,HAP1,HAP1,HAP2
IRGC121387_8,IRGC121387,HAP1,HAP1,HAP1,HAP1,HAP1,HAP1,HAP1,HAP2
IRGC121387_9,IRGC121387,HAP1,HAP1,HAP1,HAP1,HAP1,HAP1,HAP1,HAP2
